USE cobalt;
-- create table References
DROP TABLE IF EXISTS dataReferences;
CREATE TABLE dataReferences (
    OBJECTID INT,
    Ref_ID VARCHAR(100),
    dataReference TEXT,
    Last_Updt DATE,
    PRIMARY KEY (Ref_ID)
);

-- import data for References 
LOAD DATA INFILE 'C:/ProgramData/MySQL/MySQL Server 8.0/Uploads/done/References_utf8.csv'
INTO TABLE dataReferences
FIELDS TERMINATED BY ',' ENCLOSED BY '"'
LINES TERMINATED BY '\r\n'
IGNORE 1 ROWS;

-- create Commodity table
DROP TABLE IF EXISTS commodity;
CREATE TABLE commodity (
  `commodity_id` VARCHAR(20) NOT NULL,
  `commodity` varchar(255) NOT NULL,
  PRIMARY KEY (commodity)
);

-- Import data for table `commodity`
LOAD DATA INFILE 'C:/ProgramData/MySQL/MySQL Server 8.0/Uploads/Final Project-20241212T001637Z-001/Final Project/2NF/Loc_pt/commodityLocPt.csv'
INTO TABLE commodity
FIELDS TERMINATED BY ',' ENCLOSED BY '"'
LINES TERMINATED BY '\r\n'
IGNORE 1 ROWS;

-- Create table `feature`
DROP TABLE IF EXISTS feature;
CREATE TABLE feature (
  `Ftr_id` varchar(255) NOT NULL,
  `fFtr_name` varchar(255) DEFAULT NULL,
  `Ftr_type` varchar(255) DEFAULT NULL,
  PRIMARY KEY (Ftr_id)
);

-- import data for feature
LOCK TABLES `feature` WRITE;
/*!40000 ALTER TABLE `feature` DISABLE KEYS */;
INSERT INTO `feature` VALUES ('-1111',NULL,NULL),('Mf00280','Eagle Mine',NULL),('Mf00284','Blackbird Mine',NULL),('Mf00285','Madison Mine',NULL),('Mf00574','Cornwall Mine',NULL),('Mf00577','Nickel Mountain Mine',NULL),('Mf00579','Black Hawk Mine',NULL),('Mo00362','Eagle','Deposit'),('Mo00363','Eagle East','Deposit'),('Mo00550','Ruby Creek Zone','Deposit'),('Mo00559','Madison','Deposit'),('Mo00560','Boss-Bixby','Deposit'),('Mo00561','Eight Dollar Mountain','Deposit'),('Mo00571','South Reef Zone','Deposit'),('Mo00628','Blackbird','Deposit'),('Mo00629','Guanajibo','Deposit'),('Mo00630','Punta Guanajibo','Deposit'),('Mo00631','Las Mesas','Deposit'),('Mo00632','North deposit','Deposit'),('Mo00633','South deposit','Deposit'),('Mo00634','West deposit','Deposit'),('Mo00635','East deposit','Deposit'),('Mo00716','Ram','Deposit'),('Mo00717','Sunshine','Deposit'),('Mo00719','Birch Lake','Deposit'),('Mo00720','Maturi Southwest','Deposit'),('Mo00721','Maturi','Deposit'),('Mo00722','Spruce Road','Deposit'),('Mo00729','West Tripod Body','Deposit'),('Mo00730','East Tripod Body','Deposit'),('Mo00731','Tunnel Body','Deposit'),('Mo00732','Side Hill Body','Deposit'),('Mo00733','North Muskeg Body','Deposit'),('Mo00734','South Muskeg Body','Deposit'),('Mo00735','North Takanis Body','Deposit'),('Mo00736','South Takanis Body','Deposit'),('Mo00737','Brady Glacier','Deposit'),('Mo00738','Salmon Canyon','Deposit'),('Mo00739','164 Zone','Prospect'),('Mo00740','138 Zone','Deposit'),('Mo00741','SMSU Zone','Deposit'),('Mo00742','MSU Zone','Deposit'),('Mo00743','CGO Bend Zone','Prospect'),('Mo00744','480 Zone','Prospect'),('Mo00745','221 Zone','Prospect'),('Mo00746','NorthMet','Deposit'),('Mo00747','Mesaba',NULL),('Mo00748','Turner','Deposit'),('Mo00749','Cornwall','Deposit'),('Mo00750','Sulfate Zone','Prospect'),('Mo00751','No Name Zone','Deposit'),('Mo00752','Footwall No Name Zone','Prospect'),('Mo00753','Jackass Zone','Prospect'),('Mo00754','Johnny Lee Upper Zone','Deposit'),('Mo00755','Johnny Lee Lower Zone','Deposit'),('Mo00756','Lowry Middle Zone','Deposit'),('Mo00757','Lowry 0/1 Zone',NULL),('Mo00758','Lowry Lower Zone',NULL),('Mo00759','Lowry II Zone',NULL),('Mo00760','Lowry Upper Zone',NULL),('Mo00761','Pine Flat','Deposit'),('Mo00767','Nickel Mountain','Deposit'),('Mo00770','Union','Deposit'),('Mo00771','Warren','Deposit'),('Mo00773','Black Hawk','Deposit'),('Mo00774','Higdon','Deposit'),('Mo00775','Gasquet','Deposit'),('Mr00036','Fredericktown District',NULL),('Mr00037','Ducktown District','Mining District'),('Mr00047','Webster District','Mining District'),('Mr00061','Ambler District',NULL),('Mr00144','Chichagof District',NULL),('Mr00145','Blackbird District',NULL),('Mr00148','Smith River District',NULL),('Mr00154','Black Hawk District',NULL),('Mr00155','Eight Dollar Mountain',NULL),('Sw00040','Surface workings',NULL),('Sw00122','Surface workings',NULL),('Sw00125','Surface workings',NULL),('Sw00126','Surface workings',NULL),('Sw00132','Surface workings',NULL);
/*!40000 ALTER TABLE `feature` ENABLE KEYS */;
UNLOCK TABLES;

-- create table Site
DROP TABLE IF EXISTS site;
CREATE TABLE site (
  `site_id` varchar(255) NOT NULL,
  `site_name` varchar(255) DEFAULT NULL,
  `other_name` varchar(255) DEFAULT NULL,
  `last_updt` date DEFAULT NULL,
  `commodity` varchar(255) NOT NULL,
  `minreg_id` varchar(255) DEFAULT NULL,
  `remarks` text,
  `approx_lon` float DEFAULT NULL,
  `approx_lat` float DEFAULT NULL,
  `loc_pt` varchar(10) DEFAULT NULL,
  `loc_poly` varchar(10) DEFAULT NULL,
  `geolminocc` varchar(10) DEFAULT NULL,
  `resources` varchar(10) DEFAULT NULL,
  `production` varchar(10) DEFAULT NULL,
  `history` varchar(10) DEFAULT NULL,
  `dep_model` varchar(10) DEFAULT NULL,
  `descr_sum` varchar(10) DEFAULT NULL,
  PRIMARY KEY (site_id, commodity)
  -- CONSTRAINT `site_fk_1` FOREIGN KEY (`Commodity`) REFERENCES `commodity` (`commodity`)
  );

-- import data for site
LOAD DATA INFILE 'C:/ProgramData/MySQL/MySQL Server 8.0/Uploads/Final Project-20241212T001637Z-001/Final Project/1NF/1NF_Site.csv'
INTO TABLE site
FIELDS TERMINATED BY ',' ENCLOSED BY '"'
LINES TERMINATED BY '\r\n'
IGNORE 1 ROWS;

-- create table `geolminocc`
DROP TABLE IF EXISTS geolminocc;
CREATE TABLE geolminocc (
  `OID` int NOT NULL,
  `Site_ID` varchar(255) NOT NULL,
  `Ftr_ID` varchar(255) NOT NULL,
  `Ftr_Name` varchar(255) DEFAULT NULL,
  `Last_Updt` date DEFAULT NULL,
  `Ftr_Type` varchar(255) DEFAULT NULL,
  `Commodity` varchar(255),
  `Value_Mat` text,
  `Assoc_Mat` text,
  `Min_Style` text,
  `Min_Age` varchar(255) DEFAULT NULL,
  `Host_Age` varchar(255) DEFAULT NULL,
  `Host_Name` text,
  `Host_Litho` text,
  `Alteration` text,
  `Ref_ID` varchar(255) DEFAULT NULL,
  `Remarks` text,
  PRIMARY KEY (`OID`,`Site_ID`,`Ftr_ID`, `Commodity`),
  CONSTRAINT `geolminocc_site` FOREIGN KEY (`Site_ID`) REFERENCES `site` (`site_id`),
  CONSTRAINT `geolminocc_ftr` FOREIGN KEY (`Ftr_ID`) REFERENCES `feature` (`ftr_id`)
);

-- import data for GeolMinOcc
LOAD DATA INFILE 'C:/ProgramData/MySQL/MySQL Server 8.0/Uploads/done/1NF_GeolMinOcc_utf8.csv'
INTO TABLE geolminocc
FIELDS TERMINATED BY ',' ENCLOSED BY '"'
LINES TERMINATED BY '\r\n'
IGNORE 1 ROWS;

-- Create table `loc_pt`
DROP TABLE IF EXISTS Loc_Pt;
CREATE TABLE Loc_Pt (
  `OBJECTID` int,
  `Shape` varchar(255) DEFAULT NULL,
  `Site_ID` varchar(255) NOT NULL,
  `Ftr_ID` varchar(255) NOT NULL,
  `Ftr_Name` varchar(255) DEFAULT NULL,
  `Other_Name` text DEFAULT NULL,
  `Last_Updt` date DEFAULT NULL,
  `Ftr_Group` varchar(255) DEFAULT NULL,
  `Ftr_Type` varchar(255) DEFAULT NULL,
  `Commodity` varchar(255) NOT NULL,
  `Lat_WGS84` float DEFAULT NULL,
  `Long_WGS84` float DEFAULT NULL,
  `Pt_Def` text,
  `Poly_Def` text,
  `State` varchar(255) DEFAULT NULL,
  `County` varchar(255) DEFAULT NULL,
  `Loc_Scale` varchar(255) DEFAULT NULL,
  `Loc_Date` int DEFAULT NULL,
  `Ref_Detail` text,
  `Ref_ID` varchar(100) DEFAULT NULL,
  `Remarks` text,
  `Loc_Poly` varchar(255) DEFAULT NULL,
  PRIMARY KEY (`Site_ID`, `Ftr_ID`, `Commodity`),
  FOREIGN KEY (`Site_ID`) REFERENCES `site` (`Site_id`),
  FOREIGN KEY (`Ftr_ID`) REFERENCES `feature` (`Ftr_id`),
  FOREIGN KEY (`Commodity`) REFERENCES `commodity` (`commodity`)
);

-- import data for Loc_Pt
LOAD DATA INFILE 'C:/ProgramData/MySQL/MySQL Server 8.0/Uploads/done/1NF_Loc_Pt_utf8.csv'
INTO TABLE Loc_Pt
FIELDS TERMINATED BY ',' ENCLOSED BY '"'
LINES TERMINATED BY '\r\n'
IGNORE 1 ROWS;

-- Create table `loc_poly`
DROP TABLE IF EXISTS loc_poly;
CREATE TABLE loc_poly (
  `OBJECTID` int NOT NULL,
  `Shape` varchar(255) DEFAULT NULL,
  `Site_ID` varchar(255) DEFAULT NULL,
  `Ftr_ID` varchar(255) DEFAULT NULL,
  `Ftr_Name` varchar(255) DEFAULT NULL,
  `Last_Updt` date DEFAULT NULL,
  `Remarks` text,
  `Area_SqKm` varchar(255) DEFAULT NULL,
  `Area_Acres` varchar(255) DEFAULT NULL,
  PRIMARY KEY (`OBJECTID`),
  KEY `Site_ID` (`Site_ID`),
  KEY `Ftr_ID` (`Ftr_ID`),
  CONSTRAINT `loc_poly_ibfk_1` FOREIGN KEY (`Site_ID`) REFERENCES `site` (`site_id`),
  CONSTRAINT `loc_poly_ibfk_2` FOREIGN KEY (`Ftr_ID`) REFERENCES `feature` (`ftr_id`)
);

-- import data for table `loc_poly`
LOCK TABLES `loc_poly` WRITE;
/*!40000 ALTER TABLE `loc_poly` DISABLE KEYS */;
INSERT INTO `loc_poly` VALUES (1,'Polygon','AK00206','Mr00144','Chichagof District','2018-04-13','<Null>','10359','2559671'),(2,'Polygon','AK00017','Mr00061','Ambler District','2018-06-21','<Null>','9934','2454712'),(3,'Polygon','AK00012','Mo00550','Ruby Creek Zone','2018-06-07','<Null>','<1','247'),(4,'Polygon','AK00012','Mo00571','South Reef Zone','2018-06-07','<Null>','<1','185'),(5,'Polygon','AK00205','Mo00736','South Takanis Body','2018-04-13','<Null>','<1','2'),(6,'Polygon','AK00205','Mo00731','Tunnel Body','2018-04-13','<Null>','<1','1'),(7,'Polygon','AK00205','Mo00729','West Tripod Body','2018-04-13','<Null>','<1','<1'),(8,'Polygon','AK00205','Mo00734','South Muskeg Body','2018-04-13','<Null>','<1','<1'),(9,'Polygon','AK00205','Mo00733','North Muskeg Body','2018-04-13','<Null>','<1','<1'),(10,'Polygon','AK00205','Mo00732','Side Hill Body','2018-04-13','<Null>','<1','<1'),(11,'Polygon','AK00205','Mo00730','East Tripod Body','2018-04-13','<Null>','<1','<1'),(12,'Polygon','AK00205','Mo00735','North Takanis Body','2018-04-13','<Null>','<1','<1'),(13,'Polygon','CA00070','Mo00761','Pine Flat','2018-04-23','<Null>','<1','106'),(14,'Polygon','ID00054','Mr00145','Blackbird District','2018-04-16','<Null>','463','114366'),(15,'Polygon','ID00051','Mo00753','Jackass Zone','2018-04-19','<Null>','<1','177'),(16,'Polygon','ID00051','Mo00751','No Name Zone','2018-04-19','<Null>','<1','132'),(17,'Polygon','ID00050','Mo00716','Ram','2018-04-03','<Null>','<1','70'),(18,'Polygon','ID00051','Mo00752','Footwall No Name Zone','2018-04-19','<Null>','<1','26'),(19,'Polygon','ID00051','Mo00750','Sulfate Zone','2018-04-19','<Null>','<1','11'),(20,'Polygon','MI00001','Mo00363','Eagle East','2017-08-31','<Null>','<1','28'),(21,'Polygon','MI00001','Mo00362','Eagle','2017-08-31','<Null>','<1','12'),(22,'Polygon','MN00003','Mo00721','Maturi','2018-04-10','<Null>','9','2150'),(23,'Polygon','MN00003','Mo00719','Birch Lake','2018-04-10','<Null>','3','619'),(24,'Polygon','MN00002','Mo00746','NorthMet','2018-04-16','<Null>','2','486'),(25,'Polygon','MN00003','Mo00722','Spruce Road','2018-04-10','<Null>','2','422'),(26,'Polygon','MN00003','Mo00720','Maturi Southwest','2018-04-10','<Null>','1','262'),(27,'Polygon','MO00001','Mr00036','Fredericktown District','2018-06-07','<Null>','145','35752'),(28,'Polygon','MO00001','Mr00036','Fredericktown District','2018-06-21','<Null>','145','35752'),(29,'Polygon','MT00029','Mr00148','Smith River District','2018-04-19','<Null>','2166','535135'),(30,'Polygon','MT00002','Mo00754','Johnny Lee Upper Zone','2018-04-19','<Null>','<1','124'),(31,'Polygon','MT00002','Mo00755','Johnny Lee Lower Zone','2018-04-19','<Null>','<1','76'),(32,'Polygon','MT00002','Mo00758','Lowry Lower Zone','2018-04-19','<Null>','<1','68'),(33,'Polygon','MT00002','Mo00756','Lowry Middle Zone','2018-04-19','<Null>','<1','34'),(34,'Polygon','MT00002','Mo00757','Lowry 0/1 Zone','2018-04-19','<Null>','<1','20'),(35,'Polygon','MT00002','Mo00759','Lowry II Zone','2018-04-19','<Null>','<1','12'),(36,'Polygon','MT00002','Mo00760','Lowry Upper Zone','2018-04-19','<Null>','<1','6'),(37,'Polygon','NM00042','Mr00154','Black Hawk District','2018-05-25','<Null>','64','15762'),(38,'Polygon','OR00002','Mr00155','Eight Dollar Mountain District','2018-06-26','<Null>','5','1230'),(39,'Polygon','OR00005','Mo00767','Nickel Mountain','2018-04-26','<Null>','<1','204'),(40,'Polygon','OR00001','Mo00748','Turner','2018-04-17','<Null>','<1','<1'),(41,'Polygon','PA00001','Mo00749','Cornwall','2018-04-18','<Null>','<1','31'),(42,'Polygon','PR00001','Mo00629','Guanajibo','2018-07-17','<Null>','9','2335'),(43,'Polygon','PR00003','Mo00631','Las Mesas','2018-07-17','<Null>','5','1295'),(44,'Polygon','PR00004','Mo00632','North deposit','2018-07-17','<Null>','1','306'),(45,'Polygon','PR00005','Mo00634','West deposit','2018-07-17','<Null>','<1','228'),(46,'Polygon','PR00005','Mo00635','East deposit','2018-07-17','<Null>','<1','105'),(47,'Polygon','PR00004','Mo00633','South deposit','2018-07-17','<Null>','<1','78'),(48,'Polygon','PR00002','Mo00630','Punta Guanajibo','2018-07-17','<Null>','<1','71'),(49,'Polygon','TN00001','Mr00037','Ducktown District','2018-05-11','<Null>','179','44257');
/*!40000 ALTER TABLE `loc_poly` ENABLE KEYS */;
UNLOCK TABLES;

-- create table `loc_poly_sw`
DROP TABLE IF EXISTS loc_poly_sw;
CREATE TABLE loc_poly_sw (
  `OBJECTID` int NOT NULL,
  `Shape` varchar(255) DEFAULT NULL,
  `Ftr_ID` varchar(255) DEFAULT NULL,
  `Ftr_Name` varchar(255) DEFAULT NULL,
  `Last_Updt` date DEFAULT NULL,
  `State` varchar(255) DEFAULT NULL,
  `County` varchar(255) DEFAULT NULL,
  `Loc_Date` int DEFAULT NULL,
  `Ref_Detail` text,
  `Ref_ID` varchar(255) DEFAULT NULL,
  `Remarks` text,
  `Area_SqKm` varchar(255) DEFAULT NULL,
  `Area_Acres` varchar(255) DEFAULT NULL,
  PRIMARY KEY (`OBJECTID`),
  KEY `Ftr_ID` (`Ftr_ID`),
  CONSTRAINT `loc_poly_sw_ibfk_1` FOREIGN KEY (`Ftr_ID`) REFERENCES `feature` (`ftr_id`)
);

-- import data table `loc_poly_sw`
LOCK TABLES `loc_poly_sw` WRITE;
/*!40000 ALTER TABLE `loc_poly_sw` DISABLE KEYS */;
INSERT INTO `loc_poly_sw` VALUES (1,'Polygon','Sw00132','Surface workings','2018-06-06','AK','Northwest Arctic',2014,'World Imagery','Esri World Imagery (2018)','<Null>','<1','5'),(2,'Polygon','Sw00122','Surface workings','2018-04-04','ID','Lemhi',2016,'World Imagery','Esri World Imagery (2018)','<Null>','4','919'),(3,'Polygon','Sw00040','Surface workings','2017-09-25','MI','Marquette',2015,'World Imagery','Esri World Imagery (2018)','<Null>','<1','134'),(4,'Polygon','Sw00126','Surface workings','2018-05-08','MO','Madison',2016,'World Imagery','Esri World Imagery (2018)','<Null>','<1','181'),(5,'Polygon','Sw00125','Surface workings','2018-04-27','OR','Douglas',2016,'World Imagery','Esri World Imagery (2018)','<Null>','3','720');
/*!40000 ALTER TABLE `loc_poly_sw` ENABLE KEYS */;
UNLOCK TABLES;

-- Create table `dep_model`
DROP TABLE IF EXISTS dep_model;
CREATE TABLE dep_model (
  `OBJECTID` int NOT NULL,
  `Site_ID` varchar(50) NOT NULL,
  `Ftr_ID` varchar(50) NOT NULL,
  `Ftr_Name` varchar(255) DEFAULT NULL,
  `Last_Updt` date DEFAULT NULL,
  `DpMd_NoNm` varchar(255) DEFAULT NULL,
  `Ref_Detail` text,
  `DpMd_RefID` varchar(255) DEFAULT NULL,
  `GEM_Name` varchar(255) DEFAULT NULL,
  `GEM_RefID` varchar(255) DEFAULT NULL,
  PRIMARY KEY (`OBJECTID`),
  KEY `Site_ID` (`Site_ID`),
  KEY `Ftr_ID` (`Ftr_ID`),
  CONSTRAINT `dep_model_ibfk_1` FOREIGN KEY (`Site_ID`) REFERENCES `site` (`site_id`),
  CONSTRAINT `dep_model_ibfk_2` FOREIGN KEY (`Ftr_ID`) REFERENCES `feature` (`ftr_id`)
);

-- import data for dep_model
LOAD DATA INFILE 'C:/ProgramData/MySQL/MySQL Server 8.0/Uploads/Final Project-20241212T001637Z-001/Final Project/USGS_Cobalt_US_CSV/Dep_Model.csv'
INTO TABLE dep_model
FIELDS TERMINATED BY ',' ENCLOSED BY '"'
LINES TERMINATED BY '\r\n'
IGNORE 1 ROWS;

-- create table `history`
DROP TABLE IF EXISTS history;
CREATE TABLE history (
  `OID` int NOT NULL,
  `Site_ID` varchar(255) DEFAULT NULL,
  `Ftr_ID` varchar(255) DEFAULT NULL,
  `Ftr_Name` varchar(255) DEFAULT NULL,
  `Last_Updt` date DEFAULT NULL,
  `Status` varchar(255) DEFAULT NULL,
  `StatDetail` text,
  `Year_From` int DEFAULT NULL,
  `Year_To` int DEFAULT NULL,
  `Ref_Detail` text,
  `Ref_ID` varchar(255) DEFAULT NULL,
  `Remarks` text,
  PRIMARY KEY (`OID`),
  KEY `Site_ID` (`Site_ID`),
  KEY `Ftr_ID` (`Ftr_ID`),
  CONSTRAINT `history_ibfk_1` FOREIGN KEY (`Site_ID`) REFERENCES `site` (`site_id`),
  CONSTRAINT `history_ibfk_2` FOREIGN KEY (`Ftr_ID`) REFERENCES `feature` (`ftr_id`)
);

-- import data for history
LOCK TABLES `history` WRITE;
/*!40000 ALTER TABLE `history` DISABLE KEYS */;
INSERT INTO `history` VALUES (1,'AK00012','-1111','Bornite Project','2018-06-07','Exploration','Kennecott (BCMC) completed 181 core holes totaling 48,729 m.',1957,1997,'Page 6-22','Davis and others (2016)','<Null>'),(2,'AK00012','-1111','Bornite Project','2018-06-07','Evaluation','Evaluation with an intensive soil, stream, and rock chip geochemical sampling program',1995,1997,'Page 6-20','Davis and others (2016)','<Null>'),(3,'AK00012','-1111','Bornite Project','2018-06-07','Development','Sank exploration shaft',1966,1966,'Page 6-20','Davis and others (2016)','<Null>'),(4,'AK00012','-1111','Bornite Project','2018-06-07','Discovery','Discovered outcropping mineralization along Ruby Creek (Bornite) on the north side of the Cosmos Hills.',1947,1947,'Page 6-20','Davis and others (2016)','<Null>'),(5,'AK00012','-1111','Bornite Project','2018-06-07','Exploration','NovaGold performed exploration through magnetic and radiometric surveys',2006,2015,'Page 9-46 to 9-48','Davis and others (2016)','<Null>'),(6,'AK00012','-1111','Bornite Project','2018-06-07','Evaluation','Aeromagnetic survey completed by the Alaska Department of Natural Resources and Geometries',1974,1975,'Page 6-21','Davis and others (2016)','<Null>'),(7,'AK00205','-1111','Bohemia Basin','2018-04-16','Discovery','Sulphide-bearing bodies discovered',1921,1921,'Page 118','Reed and Dorr (1942)','<Null>'),(8,'AK00207','Mo00737','Brady Glacier','2018-04-16','Exploration','Sampling and drilling',1958,1961,'Pages 81-82','Cornwall (1971)','<Null>'),(9,'AK00207','Mo00737','Brady Glacier','2018-04-16','Discovery','Massive and disseminated nickel-copper sulfides discovered',1958,1958,'Page 79','Cornwall (1971)','<Null>'),(10,'CA00070','Mo00761','Pine Flat','2018-04-23','Evaluation','Phase 1 of feasibility study completed',1986,1986,'Page 103','Benson (1963)','<Null>'),(11,'CA00070','Mo00761','Pine Flat','2018-04-23','Exploration','Sampling and exploration',1954,1958,'Page 2','Benson (1963)','<Null>'),(12,'CA00070','Mo00761','Pine Flat','2018-04-23','Discovery','Nickel-bearing laterites discovered',1954,1954,'Page 2','Benson (1963)','<Null>'),(13,'CA00071','Mo00775','Gasquet','2018-06-22','Evaluation','Kaiser estimated annual ore production of 1.32 million tons would be required to generate 2 million pounds of cobalt per year.',1982,1982,'Page 171','US OTA (1985)','<Null>'),(14,'ID00005','Mf00284','Blackbird Mine','2018-05-09','Active','Intermittent production from various mines on the site',1893,1981,'Pages 2-1 and 2-2','EPA (2003)','<Null>'),(15,'ID00005','Mf00284','Blackbird Mine','2018-05-09','Inactive','Operations suspended and underground activities ceased',1982,1982,'Page 2-2','EPA (2003)','<Null>'),(16,'ID00005','Mf00284','Blackbird Mine','2018-05-09','Inactive','Cleanup action and Superfund Site status',1995,1995,'<Null>','EPA (2003)','<Null>'),(17,'ID00005','Mo00628','Blackbird','2018-05-09','Discovery','Cobalt discovered',1901,1901,'Page 1','Vhay (1947)','<Null>'),(18,'ID00005','Mo00628','Blackbird','2018-05-09','Discovery','Prospected for gold and copper',1899,1902,'Page 1','Vhay (1947)','<Null>'),(19,'ID00050','-1111','Idaho Cobalt Project','2018-04-04','Exploration','Geochemical sampling and drilling',1995,2017,'Page 34','Foo and others (2017)','<Null>'),(20,'ID00050','-1111','Idaho Cobalt Project','2018-04-04','Discovery','Cobalt discovered in the area',1892,1892,'Page 34','Foo and others (2017)','<Null>'),(21,'ID00051','-1111','Iron Creek','2018-04-19','Intermittent Exploration','Intermittent exploration surveys and drilling',1970,1996,'Pages 12-15','Cullen (2016)','<Null>'),(22,'ID00051','Mo00751','Iron Creek, No Name Zone','2018-04-19','Discovery','Copper stain discovered in No Name Zone',1967,1967,'Page 12','Cullen (2016)','<Null>'),(23,'ID00051','Mo00751','Iron Creek, No Name Zone','2018-04-19','Discovery','Iron discovered',1946,1946,'Page 12','Cullen (2016)','<Null>'),(24,'ID00052','Mo00738','Salmon Canyon','2018-04-16','Evaluation','Resource estimation by Behre Dolbear and company',1979,1979,'Page 121','Johnson and others (1998)','<Null>'),(25,'ME00002','Mo00770','Union','2018-05-14','Discovery','First described in 1908 by Bastin who made a study of the deposit while mapping the Rockland Quadrangle for the United States Geological Survey',1908,1908,'Page 58','Houston (1956)','<Null>'),(26,'ME00003','Mo00771','Warren','2018-05-14','Discovery','Although the Warren deposit lies only 3 km southwest of the Harriman, it was not discovered until 1965 owing to the lack of exposure of mafic rocks near the ore body',1965,1965,'Page 320','Rainville and Park (1976)','<Null>'),(27,'MI00001','Mf00280','Eagle Mine','2018-04-04','Active','Production',2014,2017,'Page 6-4','Clow and others (2017)','Mine was still in production at time of publication'),(28,'MI00001','Mf00280','Eagle Mine','2018-04-04','Development','Construction of underground mine',2010,2014,'Page 6-3','Clow and others (2017)','<Null>'),(29,'MI00001','Mo00362','Eagle','2018-04-04','Discovery','Anomalous sulphur and copper contents found',1976,1976,'Page 6-2','Clow and others (2017)','<Null>'),(30,'MI00001','Mo00362','Eagle','2018-04-04','Exploration','Drilling',2000,2008,'Page 6-3','Clow and others (2017)','<Null>'),(31,'MI00001','Mo00363','Eagle East','2018-04-04','Discovery','Discovered in an undrilled area approximately 960 m deep',2015,2015,'Page 6-3','Clow and others (2017)','<Null>'),(32,'MN00002','Mo00746','NorthMet','2018-04-16','Exploration','Drilling',1969,1974,'Page 40','Black and others (2018)','<Null>'),(33,'MN00002','Mo00746','NorthMet','2018-04-16','Exploration','Intermittent Drilling',1991,2010,'Page 54','Black and others (2018)','<Null>'),(34,'MN00002','Mo00746','NorthMet','2018-04-16','Discovery','Discovered in 1969',1969,1969,'Page 40','Black and others (2018)','<Null>'),(35,'MN00003','Mo00719','Birch Lake','2018-04-13','Intermittent Exploration','Drilling',1988,2012,'Page 6-3','Barber and others (2014)','<Null>'),(36,'MN00003','Mo00719','Birch Lake','2018-04-13','Discovery','2 m of PGE mineralization discovered',1985,1985,'Page 6-2','Barber and others (2014)','<Null>'),(37,'MN00003','Mo00720','Maturi Southwest','2018-04-13','Intermittent Exploration','Drilling and underground exploration',1967,2014,'Page 6-2','Barber and others (2014)','<Null>'),(38,'MN00003','Mo00721','Maturi','2018-04-13','Intermittent Exploration','Drilling and underground exploration',1967,2014,'Page 6-2','Barber and others (2014)','<Null>'),(39,'MN00003','Mo00722','Spruce Road','2018-04-13','Intermittent Exploration','Geologic mapping, sampling, and drilling',1951,2000,'Page 6-5','Barber and others (2014)','<Null>'),(40,'MN00003','Mo00722','Spruce Road','2018-04-13','Discovery','Discovery of disseminated sulfide mineralization',1951,1951,'Page 6-5','Barber and others (2014)','<Null>'),(41,'MN00008','-1111','Tamarack','2018-04-16','Intermittent Exploration','Drilling',2002,2017,'Pages 58-59','Fletcher and others (2018)','<Null>'),(42,'MN00008','-1111','Tamarack','2018-04-16','Exploration','Airborne MEGATEM and magnetic survey; Ground EM and gravity surveys',2001,2001,'Page 58','Fletcher and others (2018)','<Null>'),(43,'MN00008','-1111','Tamarack','2018-04-16','Exploration','High-resolution airborne magnetic survey',1972,1984,'Page 58','Fletcher and others (2018)','<Null>'),(44,'MO00002','Mo00774','Higdon','2018-06-22','Exploration','Exploration drilling completed under the contract revealed a large deposit(s) on the northeast flank of the main high. ',1954,1954,'Page 10','Knox and Amos (1959)','<Null>'),(45,'MO00013','Mf00285','Madison Mine','2018-05-09','Inactive','Operations ceased',1961,1961,'Page 1','Brooke (1981)','<Null>'),(46,'MO00013','Mf00285','Madison Mine','2018-05-09','Active','Intermittent production',1844,1961,'Page 1','Brooke (1981)','<Null>'),(47,'MO00013','Mo00559','Madison','2018-05-09','Exploration','Drilling and metallurgical tests',1978,1978,'Page 2','Brooke (1981)','<Null>'),(48,'MO00014','Mo00560','Boss-Bixby','2018-05-10','Discovery','Discovery of large copper-iron mineral deposit announced',1964,1964,'Page 2','Smith (1968)','<Null>'),(49,'MO00014','Mo00560','Boss-Bixby','2018-05-10','Exploration','Exploratory drilling',1956,1956,'Page 2','Smith (1968)','<Null>'),(50,'MO00014','Mo00560','Boss-Bixby','2018-05-10','Exploration','Magnetic anomaly discovered by Missouri Geological Survey',1943,1943,'Page 1','Smith (1968)','<Null>'),(51,'MT00002','-1111','Black Butte','2018-04-20','Intermittent Exploration','Intermittent drilling and exploration',1977,1995,'Pages 6-3 and 6-4','Winckers and others (2013)','<Null>'),(52,'MT00002','-1111','Black Butte','2018-05-08','Exploration','Detailed compilation of available geologic mapping data',2011,2011,'Page 9-1','Winckers and others (2013)','<Null>'),(53,'MT00002','-1111','Black Butte','2018-04-20','Exploration','Shaft sunk and exploration',1910,1922,'Page 6-1','Winckers and others (2013)','<Null>'),(54,'MT00002','-1111','Black Butte','2018-05-08','Exploration','Airborne magnetics and resistivity survey',2012,2012,'Page 9-2','Winckers and others (2013)','<Null>'),(55,'MT00002','-1111','Black Butte','2018-04-20','Discovery','Copper-stained quartzite documented',1894,1894,'Page 6-1','Winckers and others (2013)','<Null>'),(56,'MT00002','-1111','Black Butte','2018-05-08','Exploration','Conducted soil sampling program and compiled historical geochemical data',2011,2011,'Page 9-1','Winckers and others (2013)','<Null>'),(57,'NM00041','Mf00579','Black Hawk Mine','2018-05-14','Discovery','In 1881 float of high-grade silver was found at the Alhambr mine, and subsequent prospecting soon resulted in the discovery of the Black Hawk, Rose, Silver King, Good Hope and other deposits',1881,1881,'Page 286','Gillerman and Whitebread (1956)','<Null>'),(58,'NM00041','Mf00579','Black Hawk Mine','2018-05-14','Intermittent Exploration','Mining began in the district in 1881 with the discovery of the unique silver nickel cobalt deposit at the Alhambra mine; Mining continued until 1893, when a decline silver price and depletion of rich silver ore caused the mines to close',1881,1960,'Page 154','McLemore (1996)','<Null>'),(59,'NM00042','Mr00154','Black Hawk District','2018-05-18','Intermittent Exploration','Mining began in the district in 1881 with the discovery of the unique silver nickel cobalt deposit at the Alhambra mine; Mining continued until 1893, when a decline silver price and depletion of rich silver ore caused the mines to close',1881,1960,'Page 154','McLemore (1996)','<Null>'),(60,'OR00001','Mo00748','Turner','2018-04-18','Evaluation','Drilling and resulting resource definition',1981,1981,'Page 6-1','Marek and others (2010)','<Null>'),(61,'OR00001','Mo00748','Turner','2018-04-18','Discovery','Mineralization originally located in the late 1800\'s',1890,1890,'Page 6-1','Marek and others (2010)','<Null>'),(62,'OR00001','Mo00748','Turner','2018-04-18','Exploration','Drilling',1982,1989,'Pages 6-1 and 6-2','Marek and others (2010)','<Null>'),(63,'OR00001','Mo00748','Turner','2018-04-18','Exploration','Sporadic exploration and limited development',1890,1930,'Page 6-1','Marek and others (2010)','<Null>'),(64,'OR00001','Mo00748','Turner','2018-04-18','Exploration','Sulfide exploration targeting, drilling, and geophysical surveys',1950,1975,'Page 6-1','Marek and others (2010)','<Null>'),(65,'OR00002','Mo00561','Eight Dollar Mountain','2018-05-10','Exploration','Intermittent exploration including discovery pits, drilling, sampling, and mapping',1942,1976,'Page 28','Hull (1978)','<Null>'),(66,'OR00005','Mf00577','Nickel Mountain Mine','2018-04-27','Inactive','Mine closed',1984,1984,'<Null>','<Null>','<Null>'),(67,'OR00005','Mf00577','Nickel Mountain Mine','2018-04-27','Active','Intermittent production',1954,1984,'<Null>','<Null>','<Null>'),(68,'OR00005','Mo00767','Nickel Mountain','2018-04-27','Discovery','Deposit discovered by sheepherders',1864,1864,'Page 206','Pecora and Hobbs (1942)','<Null>'),(69,'PA00001','Mf00574','Cornwall Mine','2018-04-18','Inactive','Mine no longer in operation',1974,2018,'Page 422','Rose and others (1985)','<Null>'),(70,'PA00001','Mf00574','Cornwall Mine','2018-04-18','Active','Production',1732,1973,'Page 422','Rose and others (1985)','<Null>'),(71,'PA00001','Mo00749','Cornwall','2018-04-18','Discovery','Western orebody discovered',1732,1732,'Page 422','Rose and others (1985)','<Null>'),(72,'TN00001','Mr00037','Ducktown District','2018-05-11','Active','Intermittent production',1847,1968,'Page 210','Magee (1968)','Year_To is date of publication'),(73,'TN00001','Mr00037','Ducktown District','2018-05-11','Discovery','Native copper discovered',1843,1843,'Page 209','Magee (1968)','<Null>');
/*!40000 ALTER TABLE `history` ENABLE KEYS */;
UNLOCK TABLES;

-- create table `production`
DROP TABLE IF EXISTS production;
CREATE TABLE production (
  `OBJECTID` int NOT NULL,
  `Site_ID` varchar(255) DEFAULT NULL,
  `Ftr_ID` varchar(255) DEFAULT NULL,
  `Ftr_Name` varchar(255) DEFAULT NULL,
  `Assoc_Dep` varchar(255) DEFAULT NULL,
  `Material` varchar(255) DEFAULT NULL,
  `Year_From` int DEFAULT NULL,
  `Year_To` int DEFAULT NULL,
  `Mat_Type` varchar(255) DEFAULT NULL,
  `Mat_Amount` varchar(255) DEFAULT NULL,
  `Mat_Unit` varchar(255) DEFAULT NULL,
  `Grade` varchar(255) DEFAULT NULL,
  `Grade_Unit` varchar(255) DEFAULT NULL,
  `CutOffGrad` varchar(255) DEFAULT NULL,
  `CutOffUnit` varchar(255) DEFAULT NULL,
  `Contained` int DEFAULT NULL,
  `Cont_Units` varchar(255) DEFAULT NULL,
  `Rcvry_Amt` varchar(255) DEFAULT NULL,
  `Rcvry_Unit` varchar(255) DEFAULT NULL,
  `Prod_USD` varchar(255) DEFAULT NULL,
  `MatAmntSI` varchar(255) DEFAULT NULL,
  `MatUnitsSI` varchar(255) DEFAULT NULL,
  `GradeSI` varchar(255) DEFAULT NULL,
  `GradUnitSI` varchar(255) DEFAULT NULL,
  `COG_SI` varchar(255) DEFAULT NULL,
  `COU_SI` varchar(255) DEFAULT NULL,
  `CntSIComAm` float DEFAULT NULL,
  `CntSIComUt` varchar(255) DEFAULT NULL,
  `CntSICom` varchar(255) DEFAULT NULL,
  `RcvryAmtSI` float DEFAULT NULL,
  `RcvryUntSI` varchar(255) DEFAULT NULL,
  `Ref_Detail` text,
  `Ref_ID` varchar(255) DEFAULT NULL,
  `Remarks` text,
  PRIMARY KEY (`OBJECTID`),
  KEY `Site_ID` (`Site_ID`),
  KEY `Ftr_ID` (`Ftr_ID`),
  CONSTRAINT `production_ibfk_1` FOREIGN KEY (`Site_ID`) REFERENCES `site` (`site_id`),
  CONSTRAINT `production_ibfk_2` FOREIGN KEY (`Ftr_ID`) REFERENCES `feature` (`ftr_id`)
);

-- import data for table `production`
LOCK TABLES `production` WRITE;
/*!40000 ALTER TABLE `production` DISABLE KEYS */;
INSERT INTO `production` VALUES (1,'ID00005','Mf00284','Blackbird Mine','Mo00628','copper',1939,1968,'ore','-283741','tons','<Null>','<Null>','<Null>','<Null>',53450171,'pounds','<Null>','<Null>','<Null>','-257406.111','metric tons','<Null>','<Null>','<Null>','<Null>',24245.1,'metric tons','Cu',NULL,'<Null>','Page 25','Johnson and others (1998)','<Null>'),(2,'ID00005','Mf00284','Blackbird Mine','Mo00628','cobalt',1939,1968,'ore','-283741','tons','<Null>','<Null>','<Null>','<Null>',13865496,'pounds','<Null>','<Null>','<Null>','-257406.111','metric tons','<Null>','<Null>','<Null>','<Null>',6289.11,'metric tons','Co',NULL,'<Null>','Page 25','Johnson and others (1998)','<Null>'),(3,'ID00005','Mf00284','Blackbird Mine','Mo00628','gold',1939,1968,'ore','-283741','tons','<Null>','<Null>','<Null>','<Null>',24136,'ounces','<Null>','<Null>','<Null>','-257406.111','metric tons','<Null>','<Null>','<Null>','<Null>',0.750711,'metric tons','Au',NULL,'<Null>','Page 25','Johnson and others (1998)','<Null>'),(4,'ID00005','Mf00284','Blackbird Mine','Mo00628','silver',1939,1968,'ore','-283741','tons','<Null>','<Null>','<Null>','<Null>',53544,'ounces','<Null>','<Null>','<Null>','-257406.111','metric tons','<Null>','<Null>','<Null>','<Null>',1.66511,'metric tons','Ag',NULL,'<Null>','Page 25','Johnson and others (1998)','<Null>'),(5,'MI00001','Mf00280','Eagle Mine','Mo00362','copper',2014,2016,'concentrate','52000','tonnes','<Null>','<Null>','<Null>','<Null>',52000,'metric tons','<Null>','<Null>','<Null>','52000','metric tons','<Null>','<Null>','<Null>','<Null>',52000,'metric tons','Cu',NULL,'<Null>','<Null>','Clow and others (2017)','Production calculated from multiple sources'),(6,'MI00001','Mf00280','Eagle Mine','Mo00362','nickel',2014,2016,'concentrate','55000','tonnes','<Null>','<Null>','<Null>','<Null>',55000,'metric tons','<Null>','<Null>','<Null>','55000','metric tons','<Null>','<Null>','<Null>','<Null>',55000,'metric tons','Ni',NULL,'<Null>','<Null>','Clow and others (2017)','Production calculated from multiple sources'),(7,'MO00013','Mf00285','Madison Mine','Mo00559','iron',1944,1961,'ore','-4156701','metric tons','6.39','percent','<Null>','<Null>',265613,'metric tons','<Null>','<Null>','<Null>','-4156701','metric tons','6.39','percent','<Null>','<Null>',265613,'metric tons','Fe',NULL,'<Null>','Page 1','Brooke (1981)','<Null>'),(8,'MO00013','Mf00285','Madison Mine','Mo00559','lead',1944,1961,'ore','-4156701','metric tons','2.39','percent','<Null>','<Null>',99345,'metric tons','<Null>','<Null>','<Null>','-4156701','metric tons','2.39','percent','<Null>','<Null>',99345.1,'metric tons','Pb',NULL,'<Null>','Page 1','Brooke (1981)','<Null>'),(9,'MO00013','Mf00285','Madison Mine','Mo00559','copper',1944,1961,'ore','-4156701','metric tons','0.69','percent','<Null>','<Null>',28681,'metric tons','<Null>','<Null>','<Null>','-4156701','metric tons','0.69','percent','<Null>','<Null>',28681.1,'metric tons','Cu',NULL,'<Null>','Page 1','Brooke (1981)','<Null>'),(10,'MO00013','Mf00285','Madison Mine','Mo00559','nickel',1944,1961,'ore','-4156701','metric tons','0.29','percent','<Null>','<Null>',12054,'metric tons','<Null>','<Null>','<Null>','-4156701','metric tons','0.29','percent','<Null>','<Null>',12054.1,'metric tons','Ni',NULL,'<Null>','Page 1','Brooke (1981)','<Null>'),(11,'MO00013','Mf00285','Madison Mine','Mo00559','cobalt',1944,1961,'ore','-4156701','metric tons','0.23','percent','<Null>','<Null>',9560,'metric tons','<Null>','<Null>','<Null>','-4156701','metric tons','0.23','percent','<Null>','<Null>',9560.11,'metric tons','Co',NULL,'<Null>','Page 1','Brooke (1981)','<Null>'),(12,'NM00042','Mr00154','Black Hawk District','Mo00773','silver',1881,1960,'commodity','1286000','troy ounces','<Null>','<Null>','<Null>','<Null>',1286000,'troy ounces','<Null>','<Null>','<Null>','40000.111','kilograms','<Null>','<Null>','<Null>','<Null>',40.111,'metric tons','Ag',NULL,'<Null>','Table 71','McLemore (1996)','<Null>'),(13,'NM00042','Mr00154','Black Hawk District','Mo00773','gold',1881,1960,'commodity','1000','troy ounces','<Null>','<Null>','<Null>','<Null>',1000,'troy ounces','<Null>','<Null>','<Null>','31.111','kilograms','<Null>','<Null>','<Null>','<Null>',0.03111,'metric tons','Au',NULL,'<Null>','Table 71','McLemore (1996)','<Null>'),(14,'NM00042','Mr00154','Black Hawk District','Mo00773','copper',1881,1960,'commodity','3000','pounds','<Null>','<Null>','<Null>','<Null>',3000,'pounds','<Null>','<Null>','<Null>','1.111','metric tons','<Null>','<Null>','<Null>','<Null>',1.111,'metric tons','Cu',NULL,'<Null>','Table 71','McLemore (1996)','<Null>'),(15,'NM00042','Mr00154','Black Hawk District','Mo00773','lead',1881,1960,'commodity','4000','pounds','<Null>','<Null>','<Null>','<Null>',4000,'pounds','<Null>','<Null>','<Null>','2.111','metric tons','<Null>','<Null>','<Null>','<Null>',2.111,'metric tons','Pb',NULL,'<Null>','Table 71','McLemore (1996)','<Null>'),(16,'OR00005','Mf00577','Nickel Mountain Mine','Mo00767','nickel',1964,1984,'commodity','550000000','pounds','<Null>','<Null>','<Null>','<Null>',550000000,'pounds','<Null>','<Null>','<Null>','250000.111','metric tons','<Null>','<Null>','<Null>','<Null>',250000,'metric tons','Ni',NULL,'<Null>','Page 9','Hanna Mining Co. (1980)','Production incomplete for years operated'),(17,'PA00001','Mf00574','Cornwall Mine','Mo00749','copper',1732,1973,'ore','-100000000','tons','0.3','percent','<Null>','<Null>',300000,'tons','<Null>','<Null>','<Null>','-90700000.11','metric tons','0.3','percent','<Null>','<Null>',270000,'metric tons','Cu',NULL,'<Null>','Page 422','Rose and others (1985)','<Null>'),(18,'PA00001','Mf00574','Cornwall Mine','Mo00749','cobalt',1732,1973,'ore','-100000000','tons','0.025','percent','<Null>','<Null>',25000,'tons','<Null>','<Null>','<Null>','-90700000.11','metric tons','0.025','percent','<Null>','<Null>',23000.1,'metric tons','Co',NULL,'<Null>','Page 422','Rose and others (1985); Slack and others (2017)','Grade from Slack and others (2017)'),(19,'PA00001','Mf00574','Cornwall Mine','Mo00749','sulfur',1732,1973,'ore','-100000000','tons','1.3','percent','<Null>','<Null>',1300000,'tons','<Null>','<Null>','<Null>','-90700000.11','metric tons','1.3','percent','<Null>','<Null>',1200000,'metric tons','S',NULL,'<Null>','Page 422','Rose and others (1985)','<Null>'),(20,'PA00001','Mf00574','Cornwall Mine','Mo00749','iron',1732,1973,'ore','-100000000','tons','40','percent','<Null>','<Null>',40000000,'tons','<Null>','<Null>','<Null>','-90700000.11','metric tons','40','percent','<Null>','<Null>',36000000,'metric tons','Fe',NULL,'<Null>','Page 422','Rose and others (1985)','<Null>');
/*!40000 ALTER TABLE `production` ENABLE KEYS */;
UNLOCK TABLES;

-- Table structure for table `resources`
DROP TABLE IF EXISTS `resources`;
CREATE TABLE `resources` (
  `OBJECTID` int NOT NULL,
  `Site_ID` varchar(255) DEFAULT NULL,
  `Ftr_ID` varchar(255) DEFAULT NULL,
  `Ftr_Name` varchar(255) DEFAULT NULL,
  `Last_Updt` date DEFAULT NULL,
  `Material` varchar(255) DEFAULT NULL,
  `Rsrc_Date` int DEFAULT NULL,
  `Mat_Type` varchar(255) DEFAULT NULL,
  `Mat_Amnt` varchar(255) DEFAULT NULL,
  `Mat_Units` varchar(255) DEFAULT NULL,
  `Grade` varchar(255) DEFAULT NULL,
  `Grade_Unit` varchar(255) DEFAULT NULL,
  `CutOffGrad` varchar(255) DEFAULT NULL,
  `CutOffUnit` varchar(255) DEFAULT NULL,
  `Contained` double DEFAULT NULL,
  `Cont_Units` varchar(255) DEFAULT NULL,
  `MatAmntSI` varchar(255) DEFAULT NULL,
  `MatUnitsSI` varchar(255) DEFAULT NULL,
  `GradeSI` varchar(255) DEFAULT NULL,
  `GradUnitSI` varchar(255) DEFAULT NULL,
  `COG_SI` varchar(255) DEFAULT NULL,
  `COU_SI` varchar(255) DEFAULT NULL,
  `CntSIComAm` float DEFAULT NULL,
  `CntSIComUt` varchar(255) DEFAULT NULL,
  `CntSICom` varchar(255) DEFAULT NULL,
  `Rsrc_Class` varchar(255) DEFAULT NULL,
  `Rsrc_Descr` varchar(255) DEFAULT NULL,
  `Rsrc_Code` varchar(255) DEFAULT NULL,
  `Ref_Detail` text,
  `Ref_ID` varchar(255) DEFAULT NULL,
  `Remarks` text,
  PRIMARY KEY (`OBJECTID`),
  KEY `Site_ID` (`Site_ID`),
  KEY `Ftr_ID` (`Ftr_ID`),
  CONSTRAINT `resources_ibfk_1` FOREIGN KEY (`Site_ID`) REFERENCES `site` (`site_id`),
  CONSTRAINT `resources_ibfk_2` FOREIGN KEY (`Ftr_ID`) REFERENCES `feature` (`ftr_id`)
);

-- import data for table `resources`
LOCK TABLES `resources` WRITE;
/*!40000 ALTER TABLE `resources` DISABLE KEYS */;
INSERT INTO `resources` VALUES (1,'AK00012','Mo00550','Ruby Creek Zone','2018-07-19','cobalt',2018,'ore','124600000','tonnes','0.017','percent','0.5','percent copper',45000000,'pounds','-124600000','metric tons','0.017','percent','0.5','percent copper',20000.1,'metric tons','Co','Inferred','Resource','CIM','Page 2, Table 1','Trilogy Metals Inc. (2018)','<Null>'),(2,'AK00012','Mo00550','Ruby Creek Zone','2018-07-19','copper',2016,'ore','40500000','tonnes','1.02','percent','0.5','percent copper',913000000,'pounds','-40500000','metric tons','1.02','percent','0.5','percent copper',414000,'metric tons','Cu','Indicated','Resource','CIM','Page 2, Table 2','Trilogy Metals Inc. (2018)','<Null>'),(3,'AK00012','Mo00550','Ruby Creek Zone','2018-07-19','copper',2016,'ore','84100000','tonnes','0.95','percent','0.5','percent copper',1768000000,'pounds','84100000','metric tons','0.95','percent','0.5','percent copper',802000,'metric tons','Cu','Inferred','Resource','CIM','Page 2, Table 2','Trilogy Metals Inc. (2018)','<Null>'),(4,'AK00012','Mo00571','South Reef Zone','2018-07-19','cobalt',2018,'ore','-57800000','tonnes','0.025','percent','1.5','percent copper',32000000,'pounds','-57800000','metric tons','0.025','percent','1.5','percent copper',14500.1,'metric tons','Co','Inferred','Resource','CIM','Page 2, Table 1','Trilogy Metals Inc. (2018)','<Null>'),(5,'AK00012','Mo00571','South Reef Zone','2018-07-19','copper',1961,'ore','21230000','tons','3.04','percent','1','percent copper',645000.111,'tons','19260000.11','metric tons','3.04','percent','1','percent copper',585000,'metric tons','Cu','<Null>','Resource','<Null>','Page 6-5, Table 6.2','Davis and Sim (2013)','<Null>'),(6,'AK00012','Mo00571','South Reef Zone','2018-07-19','copper',2016,'ore','-57800000','tonnes','2.89','percent','1.5','percent copper',3683000000,'pounds','-57800000','metric tons','2.89','percent','1.5','percent copper',1670000,'metric tons','Cu','Inferred','Resource','CIM','Page 2, Table 2','Trilogy Metals Inc. (2018)','<Null>'),(7,'AK00205','-1111','Bohemia Basin','2018-07-19','nickel',1990,'ore','-20000000','tonnes','0.51','percent','<Null>','<Null>',102000.111,'tonnes','-20000000','metric tons','0.51','percent','<Null>','<Null>',102000,'metric tons','Ni','<Null>','Reserve','<Null>','Page 61','Bundtzen and others (1995)','<Null>'),(8,'AK00205','-1111','Bohemia Basin','2018-07-19','copper',1990,'ore','-20000000','tonnes','0.27','percent','<Null>','<Null>',54000.111,'tonnes','-20000000','metric tons','0.27','percent','<Null>','<Null>',54000.1,'metric tons','Cu','<Null>','Reserve','<Null>','Page 61','Bundtzen and others (1995)','<Null>'),(9,'AK00205','-1111','Bohemia Basin','2018-07-19','cobalt',1990,'ore','-20000000','tonnes','0.02','percent','<Null>','<Null>',4000.111,'tonnes','-20000000','metric tons','0.02','percent','<Null>','<Null>',4000.11,'metric tons','Co','<Null>','Reserve','<Null>','Page 61','Bundtzen and others (1995)','<Null>'),(10,'AK00205','Mo00729','West Tripod Body','2018-07-19','nickel',1942,'ore','-908000','tons','0.32','percent','<Null>','<Null>',2906,'short tons','-824000.111','metric tons','0.32','percent','<Null>','<Null>',2600.11,'metric tons','Ni','<Null>','Unclassified','<Null>','Page 129','Reed and Dorr (1942)','<Null>'),(11,'AK00205','Mo00729','West Tripod Body','2018-07-19','copper',1942,'ore','-908000','tons','0.26','percent','<Null>','<Null>',2361,'short tons','-824000.111','metric tons','0.26','percent','<Null>','<Null>',2100.11,'metric tons','Cu','<Null>','Unclassified','<Null>','Page 129','Reed and Dorr (1942)','<Null>'),(12,'AK00205','Mo00730','East Tripod Body','2018-07-19','copper',1942,'ore','-109000','tons','0.33','percent','<Null>','<Null>',360,'short tons','-99000.111','metric tons','0.33','percent','<Null>','<Null>',327.111,'metric tons','Cu','<Null>','Unclassified','<Null>','Page 129','Reed and Dorr (1942)','<Null>'),(13,'AK00205','Mo00730','East Tripod Body','2018-07-19','nickel',1942,'ore','-109000','tons','0.44','percent','<Null>','<Null>',480,'short tons','-99000.111','metric tons','0.44','percent','<Null>','<Null>',435.111,'metric tons','Ni','<Null>','Unclassified','<Null>','Page 129','Reed and Dorr (1942)','<Null>'),(14,'AK00205','Mo00731','Tunnel Body','2018-07-19','nickel',1942,'ore','-1386000','tons','0.52','percent','<Null>','<Null>',7207,'short tons','-1257000.111','metric tons','0.52','percent','<Null>','<Null>',6500.11,'metric tons','Ni','<Null>','Unclassified','<Null>','Page 129','Reed and Dorr (1942)','<Null>'),(15,'AK00205','Mo00731','Tunnel Body','2018-07-19','copper',1942,'ore','-1386000','tons','0.3','percent','<Null>','<Null>',4158,'short tons','-1257000.111','metric tons','0.3','percent','<Null>','<Null>',3800.11,'metric tons','Cu','<Null>','Unclassified','<Null>','Page 129','Reed and Dorr (1942)','<Null>'),(16,'AK00205','Mo00732','Side Hill Body','2018-07-19','copper',1942,'ore','-166000','tons','0.21','percent','<Null>','<Null>',349,'short tons','-151000.111','metric tons','0.21','percent','<Null>','<Null>',317.111,'metric tons','Cu','<Null>','Unclassified','<Null>','Page 129','Reed and Dorr (1942)','<Null>'),(17,'AK00205','Mo00732','Side Hill Body','2018-07-19','nickel',1942,'ore','-166000','tons','0.26','percent','<Null>','<Null>',432,'short tons','-151000.111','metric tons','0.26','percent','<Null>','<Null>',392.111,'metric tons','Ni','<Null>','Unclassified','<Null>','Page 129','Reed and Dorr (1942)','<Null>'),(18,'AK00205','Mo00733','North Muskeg Body','2018-07-19','nickel',1942,'ore','-110000','tons','0.39','percent','<Null>','<Null>',429,'short tons','-99800.111','metric tons','0.39','percent','<Null>','<Null>',390.111,'metric tons','Ni','<Null>','Unclassified','<Null>','Page 129','Reed and Dorr (1942)','<Null>'),(19,'AK00205','Mo00733','North Muskeg Body','2018-07-19','copper',1942,'ore','-110000','tons','0.35','percent','<Null>','<Null>',385,'short tons','-99800.111','metric tons','0.35','percent','<Null>','<Null>',350.111,'metric tons','Cu','<Null>','Unclassified','<Null>','Page 129','Reed and Dorr (1942)','<Null>'),(20,'AK00205','Mo00734','South Muskeg Body','2018-07-19','copper',1942,'ore','-766000','tons','0.25','percent','<Null>','<Null>',1915,'short tons','-695000.111','metric tons','0.25','percent','<Null>','<Null>',1700.11,'metric tons','Cu','<Null>','Unclassified','<Null>','Page 129','Reed and Dorr (1942)','<Null>'),(21,'AK00205','Mo00734','South Muskeg Body','2018-07-19','nickel',1942,'ore','-766000','tons','0.23','percent','<Null>','<Null>',1762,'short tons','-695000.111','metric tons','0.23','percent','<Null>','<Null>',1600.11,'metric tons','Ni','<Null>','Unclassified','<Null>','Page 129','Reed and Dorr (1942)','<Null>'),(22,'AK00205','Mo00735','North Takanis Body','2018-07-19','copper',1942,'ore','-91000','tons','0.29','percent','<Null>','<Null>',264,'short tons','-83000.111','metric tons','0.29','percent','<Null>','<Null>',240.111,'metric tons','Cu','<Null>','Unclassified','<Null>','Page 129','Reed and Dorr (1942)','<Null>'),(23,'AK00205','Mo00735','North Takanis Body','2018-07-19','nickel',1942,'ore','-91000','tons','0.32','percent','<Null>','<Null>',291,'short tons','-83000.111','metric tons','0.32','percent','<Null>','<Null>',264.111,'metric tons','Ni','<Null>','Unclassified','<Null>','Page 129','Reed and Dorr (1942)','<Null>'),(24,'AK00205','Mo00736','South Takanis Body','2018-07-19','nickel',1942,'ore','-2317000','tons','0.31','percent','<Null>','<Null>',7183,'short tons','-2100000.111','metric tons','0.31','percent','<Null>','<Null>',6500.11,'metric tons','Ni','<Null>','Unclassified','<Null>','Page 129','Reed and Dorr (1942)','<Null>'),(25,'AK00205','Mo00736','South Takanis Body','2018-07-19','copper',1942,'ore','-2317000','tons','0.25','percent','<Null>','<Null>',5793,'short tons','-2100000.111','metric tons','0.25','percent','<Null>','<Null>',5300.11,'metric tons','Cu','<Null>','Unclassified','<Null>','Page 129','Reed and Dorr (1942)','<Null>'),(26,'AK00207','Mo00737','Brady Glacier','2018-07-19','copper',1995,'ore','-91000000','tonnes','0.3','percent','<Null>','<Null>',273000.111,'tonnes','-91000000','metric tons','0.3','percent','<Null>','<Null>',273000,'metric tons','Cu','Proven','Reserve','<Null>','Page 60','Bundtzen and others (1995)','<Null>'),(27,'AK00207','Mo00737','Brady Glacier','2018-07-19','nickel',1995,'ore','-91000000','tonnes','0.5','percent','<Null>','<Null>',455000.111,'tonnes','-91000000','metric tons','0.5','percent','<Null>','<Null>',455000,'metric tons','Ni','Proven','Reserve','<Null>','Page 60','Bundtzen and others (1995)','<Null>'),(28,'AK00207','Mo00737','Brady Glacier','2018-07-19','cobalt',1995,'ore','-91000000','tonnes','0.03','percent','<Null>','<Null>',27300.111,'tonnes','-91000000','metric tons','0.03','percent','<Null>','<Null>',27300.1,'metric tons','Co','Proven','Reserve','<Null>','Page 60','Bundtzen and others (1995)','<Null>'),(29,'CA00070','Mo00761','Pine Flat','2018-07-19','nickel',1986,'ore','-19232000','tons','0.78','percent','<Null>','<Null>',150010.111,'tons','-17447000','metric tons','0.78','percent','<Null>','<Null>',136090,'metric tons','Ni','Probable','Reserve','<Null>','Page 103','Northern Miner (1989)','Additional 5,500,000 tons inferred resource'),(30,'CA00070','Mo00761','Pine Flat','2018-07-19','cobalt',1986,'ore','-19232000','tons','0.062','percent','<Null>','<Null>',11924.111,'tons','-17447000','metric tons','0.062','percent','<Null>','<Null>',10817.1,'metric tons','Co','Probable','Reserve','<Null>','Page 103','Northern Miner (1989)','Additional 5,500,000 tons inferred resource'),(31,'CA00071','Mo00775','Gasquet','2018-07-19','chromium',1985,'ore','-16000000','tons','2','percent','<Null>','<Null>',320000.111,'tons','-15000000.11','metric tons','2','percent','<Null>','<Null>',300000,'metric tons','Cr','Proven','Ore Reserve','<Null>','Page 171','US OTA (1985)','<Null>'),(32,'CA00071','Mo00775','Gasquet','2018-07-19','nickel',1985,'ore','-16000000','tons','0.75','percent','<Null>','<Null>',120000.111,'tons','-15000000.11','metric tons','0.75','percent','<Null>','<Null>',110000,'metric tons','Ni','Proven','Ore Reserve','<Null>','Page 171','US OTA (1985)','<Null>'),(33,'CA00071','Mo00775','Gasquet','2018-07-19','cobalt',1985,'ore','-16000000','tons','0.07','percent','<Null>','<Null>',11000.111,'tons','-15000000.11','metric tons','0.07','percent','<Null>','<Null>',10000.1,'metric tons','Co','Proven','Ore Reserve','<Null>','Page 171','US OTA (1985)','<Null>'),(34,'ID00005','Mo00628','Blackbird','2018-07-19','cobalt',1977,'ore','-6500000','tons','0.55','percent','<Null>','<Null>',36000.111,'tons','-5900000.111','metric tons','0.55','percent','<Null>','<Null>',32000.1,'metric tons','Co','<Null>','Reserve','<Null>','Page 190','Johnson and others (1998)','Based on Bennett (1977)'),(35,'ID00005','Mo00628','Blackbird','2018-07-19','copper',1977,'ore','-6500000','tons','1.31','percent','<Null>','<Null>',85000.111,'tons','-5900000.111','metric tons','1.31','percent','<Null>','<Null>',77000.1,'metric tons','Cu','<Null>','Reserve','<Null>','Page 190','Johnson and others (1998)','Based on Bennett (1977)'),(36,'ID00050','-1111','Idaho Cobalt Project','2018-07-19','gold',1998,'ore','-2250400','tons','0.014','ounces per ton','0.2','percent cobalt',32000.111,'ounces','-2041500.111','metric tons','0.44111','grams per metric ton','0.2','percent cobalt',0.89111,'metric tons','Au','Inferred','Mineral Resource','<Null>','Page 38, Table 6.1','Foo and others (2017)','<Null>'),(37,'ID00050','-1111','Idaho Cobalt Project','2018-07-19','copper',1998,'ore','-2250400','tons','0.618','percent','0.2','percent cobalt',13900.111,'tons','-2041500.111','metric tons','0.618','percent','0.2','percent cobalt',12600.1,'metric tons','Cu','Inferred','Mineral Resource','<Null>','Page 38, Table 6.1','Foo and others (2017)','<Null>'),(38,'ID00050','-1111','Idaho Cobalt Project','2018-07-19','cobalt',1998,'ore','-2250400','tons','0.459','percent','0.2','percent cobalt',10300.111,'tons','-2041500.111','metric tons','0.459','percent','0.2','percent cobalt',9370.11,'metric tons','Co','Inferred','Mineral Resource','<Null>','Page 38, Table 6.1','Foo and others (2017)','<Null>'),(39,'ID00050','-1111','Idaho Cobalt Project','2018-07-19','cobalt',1998,'ore','-1116941','tons','0.592','percent','0.2','percent cobalt',6610.111,'tons','-1013272.111','metric tons','0.592','percent','0.2','percent cobalt',6000.11,'metric tons','Co','Measured plus Indicated','Mineral Resource','<Null>','Page 38, Table 6.1','Foo and others (2017)','<Null>'),(40,'ID00050','-1111','Idaho Cobalt Project','2018-07-19','copper',1998,'ore','-1116941','tons','0.657','percent','0.2','percent cobalt',7340.111,'tons','-1013272.111','metric tons','0.657','percent','0.2','percent cobalt',6660.11,'metric tons','Cu','Measured plus Indicated','Mineral Resource','<Null>','Page 38, Table 6.1','Foo and others (2017)','<Null>'),(41,'ID00050','-1111','Idaho Cobalt Project','2018-07-19','gold',1998,'ore','-1116941','tons','0.016','ounces per ton','0.2','percent cobalt',18000.111,'ounces','-1013272.111','metric tons','0.50111','grams per metric ton','0.2','percent cobalt',0.51111,'metric tons','Au','Measured plus Indicated','Mineral Resource','<Null>','Page 38, Table 6.1','Foo and others (2017)','<Null>'),(42,'ID00050','Mo00716','Ram','2018-07-19','gold',2017,'ore','-3662000','tons','0.015','ounces per ton','0.25','percent cobalt',53286,'ounces','-3322000.111','metric tons','0.47111','grams per metric ton','0.25','percent cobalt',1.6111,'metric tons','Au','Proven plus Probable','Mineral Reserve','CIM','Page 127, Table 15.2','Foo and others (2017)','<Null>'),(43,'ID00050','Mo00716','Ram','2018-07-19','gold',2017,'ore','-3436000','tons','0.016','ounces per ton','0.2','percent cobalt',54200,'ounces','-3117000.111','metric tons','0.50111','grams per metric ton','0.2','percent cobalt',1.6111,'metric tons','Au','Measured plus Indicated','Mineral Resource','CIM','Page 121, Table 14.11','Foo and others (2017)','<Null>'),(44,'ID00050','Mo00716','Ram','2018-07-19','copper',2017,'ore','-1543000','tons','0.68','percent','0.2','percent cobalt',21032,'pounds','-1400000.111','metric tons','0.68','percent','0.2','percent cobalt',9500.11,'metric tons','Cu','Inferred','Mineral Resource','CIM','Page 121, Table 14.11','Foo and others (2017)','<Null>'),(45,'ID00050','Mo00716','Ram','2018-07-19','cobalt',2017,'ore','-1543000','tons','0.51','percent','0.2','percent cobalt',15594,'pounds','-1400000.111','metric tons','0.51','percent','0.2','percent cobalt',7100.11,'metric tons','Co','Inferred','Mineral Resource','CIM','Page 121, Table 14.11','Foo and others (2017)','<Null>'),(46,'ID00050','Mo00716','Ram','2018-07-19','cobalt',2017,'ore','-3662000','tons','0.47','percent','0.25','percent cobalt',34517000,'pounds','-3322000.111','metric tons','0.47','percent','0.25','percent cobalt',16000.1,'metric tons','Co','Proven plus Probable','Mineral Reserve','CIM','Page 127, Table 15.2','Foo and others (2017)','<Null>'),(47,'ID00050','Mo00716','Ram','2018-07-19','cobalt',2017,'ore','-3436000','tons','0.59','percent','0.2','percent cobalt',40578,'pounds','-3117000.111','metric tons','0.59','percent','0.2','percent cobalt',18000.1,'metric tons','Co','Measured plus Indicated','Mineral Resource','CIM','Page 121, Table 14.11','Foo and others (2017)','<Null>'),(48,'ID00050','Mo00716','Ram','2018-07-19','gold',2017,'ore','-1543000','tons','0.012','ounces per ton','0.2','percent cobalt',18700,'ounces','-1400000.111','metric tons','0.37111','grams per metric ton','0.2','percent cobalt',0.52111,'metric tons','Au','Inferred','Mineral Resource','CIM','Page 121, Table 14.11','Foo and others (2017)','<Null>'),(49,'ID00050','Mo00716','Ram','2018-07-19','copper',2017,'ore','-3662000','tons','0.68','percent','0.25','percent cobalt',49756000,'pounds','-3322000.111','metric tons','0.68','percent','0.25','percent cobalt',23000.1,'metric tons','Cu','Proven plus Probable','Mineral Reserve','CIM','Page 127, Table 15.2','Foo and others (2017)','<Null>'),(50,'ID00050','Mo00716','Ram','2018-07-19','copper',2017,'ore','-3436000','tons','0.73','percent','0.2','percent cobalt',50436,'pounds','-3117000.111','metric tons','0.73','percent','0.2','percent cobalt',23000.1,'metric tons','Cu','Measured plus Indicated','Mineral Resource','CIM','Page 121, Table 14.11','Foo and others (2017)','<Null>'),(51,'ID00050','Mo00717','Sunshine','2018-07-19','cobalt',2006,'ore','-260700','tons','0.604','percent','0.3','percent cobalt',1570.111,'tons','-236500.111','metric tons','0.604','percent','0.3','percent copper',1430.11,'metric tons','Co','Measured plus Indicated','Resource','<Null>','Page 40, Table 6.4','Foo and others (2017)','<Null>'),(52,'ID00050','Mo00717','Sunshine','2018-07-19','gold',2006,'ore','-260700','tons','0.013','ounces per ton','0.3','percent cobalt',3400.111,'ounces','-236500.111','metric tons','0.41111','grams per metric ton','0.3','percent copper',0.096111,'metric tons','Cu','Measured plus Indicated','Resource','<Null>','Page 40, Table 6.4','Foo and others (2017)','<Null>'),(53,'ID00050','Mo00717','Sunshine','2018-07-19','copper',2006,'ore','-260700','tons','0.327','percent','0.3','percent cobalt',852.111,'tons','-236500.111','metric tons','0.327','percent','0.3','percent copper',773.111,'metric tons','Au','Measured plus Indicated','Resource','<Null>','Page 40, Table 6.4','Foo and others (2017)','<Null>'),(54,'ID00051','Mo00751','No Name Zone','2018-07-19','copper',1983,'ore','-1000000','tons','0.3','percent','<Null>','<Null>',3000.111,'tons','-907000.111','metric tons','0.3','percent','<Null>','<Null>',2700.11,'metric tons','Cu','<Null>','Reserve','<Null>','Page 16, Table 2','Cullen (2016)','<Null>'),(55,'ID00051','Mo00751','No Name Zone','2018-07-19','cobalt',1983,'ore','-1000000','tons','0.61','percent','<Null>','<Null>',6100.111,'tons','-907000.111','metric tons','0.61','percent','<Null>','<Null>',5500.11,'metric tons','Co','<Null>','Reserve','<Null>','Page 16, Table 2','Cullen (2016)','<Null>'),(56,'ID00051','Mo00751','No Name Zone','2018-07-19','cobalt',1972,'ore','-32100000','tons','0.17','percent','0.4','percent copper equivalent',54600.111,'tons','-29100000.11','metric tons','0.17','percent','0.4','percent copper equivalent',49500.1,'metric tons','Co','<Null>','Reserve','<Null>','Page 16, Table 2','Cullen (2016)','<Null>'),(57,'ID00051','Mo00751','No Name Zone','2018-07-19','copper',1972,'ore','-32100000','tons','1.05','percent','0.4','percent copper equivalent',337000.111,'tons','-29100000.11','metric tons','1.05','percent','0.4','percent copper equivalent',306000,'metric tons','Cu','<Null>','Reserve','<Null>','Page 16, Table 2','Cullen (2016)','<Null>'),(58,'ID00052','Mo00738','Salmon Canyon','2018-07-19','copper',1979,'ore','-1270000','tons','1.3','percent','<Null>','<Null>',16500.111,'tons','-1150000.111','metric tons','1.3','percent','<Null>','<Null>',1500.11,'metric tons','Cu','Probable','Geologic Resource','<Null>','Page 121','Johnson and others (1998)','Resource from Behre Dolbear and Co (1979)'),(59,'ID00052','Mo00738','Salmon Canyon','2018-07-19','cobalt',1979,'ore','-1270000','tons','0.2','percent','<Null>','<Null>',2540.111,'tons','-1150000.111','metric tons','0.2','percent','<Null>','<Null>',2300.11,'metric tons','Co','Probable','Geologic Resource','<Null>','Page 121','Johnson and others (1998)','Resource from Behre Dolbear and Co (1979)'),(60,'ID00052','Mo00738','Salmon Canyon','2018-07-19','silver',1979,'ore','-1270000','tons','0.3','ounces per ton','<Null>','<Null>',381000.111,'ounces','-1150000.111','metric tons','9.4111','grams per metric ton','<Null>','<Null>',11.111,'metric tons','Ag','Probable','Geologic Resource','<Null>','Page 121','Johnson and others (1998)','Resource from Behre Dolbear and Co (1979)'),(61,'ID00052','Mo00738','Salmon Canyon','2018-07-19','gold',1979,'ore','-1270000','tons','0.015','ounces per ton','<Null>','<Null>',19000.111,'ounces','-1150000.111','metric tons','0.47111','grams per metric ton','<Null>','<Null>',0.59111,'metric tons','Au','Probable','Geologic Resource','<Null>','Page 121','Johnson and others (1998)','Resource from Behre Dolbear and Co (1979)'),(62,'ME00002','Mo00770','Union','2018-07-19','nickel',1984,'ore','-9000000','metric tons','0.91','percent','<Null>','<Null>',82000.111,'metric tons','-9000000','metric tons','0.91','percent','<Null>','<Null>',82000.1,'metric tons','Ni','Probable','In Situ Resource','<Null>','Pages 8-10','Buckingham and Lemons (1984)','<Null>'),(63,'ME00002','Mo00770','Union','2018-07-19','copper',1984,'ore','-9000000','metric tons','0.45','percent','<Null>','<Null>',41000.111,'metric tons','-9000000','metric tons','0.45','percent','<Null>','<Null>',41000.1,'metric tons','Cu','Probable','In Situ Resource','<Null>','Pages 8-10','Buckingham and Lemons (1984)','<Null>'),(64,'ME00002','Mo00770','Union','2018-07-19','cobalt',1984,'ore','-9000000','metric tons','0.04','percent','<Null>','<Null>',3600.111,'metric tons','-9000000','metric tons','0.04','percent','<Null>','<Null>',3600.11,'metric tons','Co','Probable','In Situ Resource','<Null>','Pages 8-10','Buckingham and Lemons (1984)','<Null>'),(65,'ME00003','Mo00771','Warren','2018-07-19','copper',1992,'ore','-2982800','metric tons','0.69','percent','<Null>','<Null>',20580.111,'metric tons','-2705950.111','metric tons','0.69','percent','<Null>','<Null>',18670.1,'metric tons','Cu','Indicated','Drill-Indicated Resource','<Null>','Page 46','Giancola (1995)','Reserve estimates audited by Roscoe Postle Associates Inc.'),(66,'ME00003','Mo00771','Warren','2018-07-19','cobalt',1992,'ore','-2982800','metric tons','0.12','percent','<Null>','<Null>',3580.111,'metric tons','-2705950.111','metric tons','0.12','percent','<Null>','<Null>',3250.11,'metric tons','Co','Probable','Drill-Indicated Resource','<Null>','Page 46','Giancola (1995)','Reserve estimates audited by Roscoe Postle Associates Inc.'),(67,'ME00003','Mo00771','Warren','2018-07-19','nickel',1992,'ore','-2982800','metric tons','1.49','percent','<Null>','<Null>',44400.111,'metric tons','-2705950.111','metric tons','1.49','percent','<Null>','<Null>',40300.1,'metric tons','Ni','Indicated','Drill-Indicated Resource','<Null>','Page 46','Giancola (1995)','Reserve estimates audited by Roscoe Postle Associates Inc.'),(68,'MI00001','Mo00362','Eagle','2018-07-18','nickel',2017,'ore','-1235000','tonnes','3','percent','<Null>','<Null>',37000,'tonnes','-1235000','metric tons','3','percent','<Null>','<Null>',37000,'metric tons','Ni','Proven','Mineral Reserve','<Null>','Mineral Reserves Table','Lundin Mining (2018b)','<Null>'),(69,'MI00001','Mo00362','Eagle','2018-07-19','palladium',2016,'ore','-1129000','tonnes','0.5','grams per tonne','142','dollars per ton NSR',20000,'ounces','-1129000','metric tons','0.5','grams per metric ton','129.111','dollars per metric ton NSR',0.56111,'metric tons','Pd','Proven','Mineral Reserve','CIM','Page 15-2, Table 15-1','Clow and others (2017)','<Null>'),(70,'MI00001','Mo00362','Eagle','2018-07-18','cobalt',2017,'ore','-1748000','tonnes','0.1','percent','<Null>','<Null>',1000,'tonnes','-1748000','metric tons','0.1','percent','<Null>','<Null>',1000,'metric tons','Co','Indicated','Mineral Resource','<Null>','Mineral Resources Table','Lundin Mining (2018b)','<Null>'),(71,'MI00001','Mo00362','Eagle','2018-07-18','copper',2017,'ore','-77000','tonnes','0.9','percent','<Null>','<Null>',1000,'tonnes','-77000','metric tons','0.9','percent','<Null>','<Null>',1000,'metric tons','Cu','Inferred','Mineral Resource','<Null>','Mineral Resources Table','Lundin Mining (2018b)','<Null>'),(72,'MI00001','Mo00362','Eagle','2018-07-18','cobalt',2017,'ore','-1408000','tonnes','0.1','percent','<Null>','<Null>',1000,'tonnes','-1408000','metric tons','0.1','percent','<Null>','<Null>',1000,'metric tons','Co','Measured','Mineral Resource','<Null>','Mineral Resources Table','Lundin Mining (2018b)','<Null>'),(73,'MI00001','Mo00362','Eagle','2018-07-18','platinum',2016,'ore','-2146000','tonnes','0.5','grams per tonne','<Null>','<Null>',30000,'ounces','-2146000','metric tons','0.5','grams per metric ton','<Null>','<Null>',1.1111,'metric tons','Pt','Indicated','Mineral Resource','CIM','Page 14-2, Table 14-1','Clow and others (2017)','<Null>'),(74,'MI00001','Mo00362','Eagle','2018-07-18','nickel',2017,'ore','-1408000','tonnes','3.4','percent','<Null>','<Null>',48000,'tonnes','-1408000','metric tons','3.4','percent','<Null>','<Null>',48000,'metric tons','Ni','Measured','Mineral Resource','<Null>','Mineral Resources Table','Lundin Mining (2018b)','<Null>'),(75,'MI00001','Mo00362','Eagle','2018-07-18','copper',2017,'ore','-1748000','tonnes','2.2','percent','<Null>','<Null>',38000,'tonnes','-1748000','metric tons','2.2','percent','<Null>','<Null>',38000,'metric tons','Cu','Indicated','Mineral Resource','<Null>','Mineral Resources Table','Lundin Mining (2018b)','<Null>'),(76,'MI00001','Mo00362','Eagle','2018-07-18','cobalt',2017,'ore','-1235000','tonnes','0.1','percent','<Null>','<Null>',1000,'tonnes','-1235000','metric tons','0.1','percent','<Null>','<Null>',1000,'metric tons','Co','Proven','Mineral Reserve','<Null>','Mineral Reserves Table','Lundin Mining (2018b)','<Null>'),(77,'MI00001','Mo00362','Eagle','2018-07-18','nickel',2017,'ore','-77000','tonnes','1','percent','<Null>','<Null>',1000,'tonnes','-77000','metric tons','1','percent','<Null>','<Null>',1000,'metric tons','Ni','Inferred','Mineral Resource','<Null>','Mineral Resources Table','Lundin Mining (2018b)','<Null>'),(78,'MI00001','Mo00362','Eagle','2018-07-18','gold',2017,'ore','-1235000','tonnes','0.3','grams per tonne','<Null>','<Null>',370000.111,'grams','-1235000','metric tons','0.3','grams per metric ton','<Null>','<Null>',0.37111,'metric tons','Au','Proven','Mineral Reserve','<Null>','Mineral Reserves Table','Lundin Mining (2018b)','<Null>'),(79,'MI00001','Mo00362','Eagle','2018-07-18','palladium',2016,'ore','-44000','tonnes','0.2','grams per tonne','<Null>','<Null>',8800.111,'grams','-44000','metric tons','0.2','grams per metric ton','<Null>','<Null>',0.008811,'metric tons','Pd','Inferred','Mineral Resource','CIM','Page 14-2, Table 14-1','Clow and others (2017)','<Null>'),(80,'MI00001','Mo00362','Eagle','2018-07-18','platinum',2016,'ore','-44000','tonnes','0.3','grams per tonne','<Null>','<Null>',13000.111,'grams','-44000','metric tons','0.3','grams per metric ton','<Null>','<Null>',0.013111,'metric tons','Pt','Inferred','Mineral Resource','CIM','Page 14-2, Table 14-1','Clow and others (2017)','<Null>'),(81,'MI00001','Mo00362','Eagle','2018-07-18','platinum',2016,'ore','-1198000','tonnes','0.9','grams per tonne','<Null>','<Null>',30000,'ounces','-1198000','metric tons','0.9','grams per metric ton','<Null>','<Null>',1.1111,'metric tons','Pt','Measured','Mineral Resource','CIM','Page 14-2, Table 14-1','Clow and others (2017)','<Null>'),(82,'MI00001','Mo00362','Eagle','2018-07-19','palladium',2016,'ore','-2148000','tonnes','0.2','grams per tonne','142','dollars per ton NSR',20000,'ounces','-2148000','metric tons','0.2','grams per metric ton','129.111','dollars per metric ton NSR',0.43111,'metric tons','Pd','Probable','Mineral Reserve','CIM','Page 15-2, Table 15-1','Clow and others (2017)','<Null>'),(83,'MI00001','Mo00362','Eagle','2018-07-18','gold',2017,'ore','-1955000','tonnes','0.2','grams per tonne','<Null>','<Null>',390000.111,'grams','-1955000','metric tons','0.2','grams per metric ton','<Null>','<Null>',0.39111,'metric tons','Au','Probable','Mineral Reserve','<Null>','Mineral Reserves Table','Lundin Mining (2018b)','<Null>'),(84,'MI00001','Mo00362','Eagle','2018-07-18','palladium',2016,'ore','-1198000','tonnes','0.6','grams per tonne','<Null>','<Null>',20000,'ounces','-1198000','metric tons','0.6','grams per metric ton','<Null>','<Null>',0.72111,'metric tons','Pd','Measured','Mineral Resource','CIM','Page 14-2, Table 14-1','Clow and others (2017)','<Null>'),(85,'MI00001','Mo00362','Eagle','2018-07-18','nickel',2017,'ore','-1955000','tonnes','1.8','percent','<Null>','<Null>',36000,'tonnes','-1955000','metric tons','1.8','percent','<Null>','<Null>',36000,'metric tons','Ni','Probable','Mineral Reserve','<Null>','Mineral Reserves Table','Lundin Mining (2018b)','<Null>'),(86,'MI00001','Mo00362','Eagle','2018-07-18','nickel',2017,'ore','-1748000','tonnes','2.4','percent','<Null>','<Null>',43000,'tonnes','-1748000','metric tons','2.4','percent','<Null>','<Null>',43000,'metric tons','Ni','Indicated','Mineral Resource','<Null>','Mineral Resources Table','Lundin Mining (2018b)','<Null>'),(87,'MI00001','Mo00362','Eagle','2018-07-18','gold',2017,'ore','-1748000','tonnes','0.2','grams per tonne','<Null>','<Null>',350000.111,'grams','-1748000','metric tons','0.2','grams per metric ton','<Null>','<Null>',0.35111,'metric tons','Au','Indicated','Mineral Resource','<Null>','Mineral Resources Table','Lundin Mining (2018b)','<Null>'),(88,'MI00001','Mo00362','Eagle','2018-07-18','gold',2017,'ore','-77000','tonnes','0.1','grams per tonne','<Null>','<Null>',7700.111,'grams','-77000','metric tons','0.1','grams per metric ton','<Null>','<Null>',0.008111,'metric tons','Au','Inferred','Mineral Resource','<Null>','Mineral Resources Table','Lundin Mining (2018b)','<Null>'),(89,'MI00001','Mo00362','Eagle','2018-07-19','platinum',2016,'ore','-2148000','tonnes','0.4','grams per tonne','142','dollars per ton NSR',30000,'ounces','-2148000','metric tons','0.4','grams per metric ton','129.111','dollars per metric ton NSR',0.86111,'metric tons','Pt','Probable','Mineral Reserve','CIM','Page 15-2, Table 15-1','Clow and others (2017)','<Null>'),(90,'MI00001','Mo00362','Eagle','2018-07-18','gold',2017,'ore','-1408000','tonnes','0.3','grams per tonne','<Null>','<Null>',420000.111,'grams','-1408000','metric tons','0.3','grams per metric ton','<Null>','<Null>',0.42111,'metric tons','Au','Measured','Mineral Resource','<Null>','Mineral Resources Table','Lundin Mining (2018b)','<Null>'),(91,'MI00001','Mo00362','Eagle','2018-07-18','copper',2017,'ore','-1235000','tonnes','2.5','percent','<Null>','<Null>',31000,'tonnes','-1235000','metric tons','2.5','percent','<Null>','<Null>',31000,'metric tons','Cu','Proven','Mineral Reserve','<Null>','Mineral Reserves Table','Lundin Mining (2018b)','<Null>'),(92,'MI00001','Mo00362','Eagle','2018-07-18','copper',2017,'ore','-1955000','tonnes','1.7','percent','<Null>','<Null>',33000,'tonnes','-1955000','metric tons','1.7','percent','<Null>','<Null>',33000,'metric tons','Cu','Probable','Mineral Reserve','<Null>','Mineral Reserves Table','Lundin Mining (2018b)','<Null>'),(93,'MI00001','Mo00362','Eagle','2018-07-18','palladium',2016,'ore','-2146000','tonnes','0.3','grams per tonne','<Null>','<Null>',20000,'ounces','-2146000','metric tons','0.3','grams per metric ton','<Null>','<Null>',0.64111,'metric tons','Pd','Indicated','Mineral Resource','CIM','Page 14-2, Table 14-1','Clow and others (2017)','<Null>'),(94,'MI00001','Mo00362','Eagle','2018-07-18','copper',2017,'ore','-1408000','tonnes','2.8','percent','<Null>','<Null>',40000,'tonnes','-1408000','metric tons','2.8','percent','<Null>','<Null>',40000,'metric tons','Cu','Measured','Mineral Resource','<Null>','Mineral Resources Table','Lundin Mining (2018b)','<Null>'),(95,'MI00001','Mo00362','Eagle','2018-07-18','cobalt',2017,'ore','-1955000','tonnes','0.1','percent','<Null>','<Null>',1000,'tonnes','-1955000','metric tons','0.1','percent','<Null>','<Null>',1000,'metric tons','Co','Probable','Mineral Reserve','<Null>','Mineral Reserves Table','Lundin Mining (2018b)','<Null>'),(96,'MI00001','Mo00362','Eagle','2018-07-19','platinum',2016,'ore','-1129000','tonnes','0.7','grams per tonne','142','dollars per ton NSR',30000,'ounces','-1129000','metric tons','0.7','grams per metric ton','129.111','dollars per metric ton NSR',0.79111,'metric tons','Pt','Proven','Mineral Reserve','CIM','Page 15-2, Table 15-1','Clow and others (2017)','<Null>'),(97,'MI00001','Mo00363','Eagle East','2018-07-19','copper',2016,'ore','-290000','tonnes','1.4','percent','160','dollars per ton NSR',4100,'tonnes','-290000','metric tons','1.4','percent','145.111','dollars per metric ton NSR',4100,'metric tons','Cu','Inferred','Mineral Resource','CIM','Page 14-2, Table 14-1','Clow and others (2017)','<Null>'),(98,'MI00001','Mo00363','Eagle East','2018-07-19','cobalt',2016,'ore','-1544000','tonnes','0.1','percent','160','dollars per ton NSR',1500,'tonnes','-1544000','metric tons','0.1','percent','145.111','dollars per metric ton NSR',1500,'metric tons','Co','Probable','Mineral Reserve','CIM','Page 15-2, Table 15-1','Clow and others (2017)','<Null>'),(99,'MI00001','Mo00363','Eagle East','2018-07-19','cobalt',2016,'ore','-1293000','tonnes','0.1','percent','160','dollars per ton NSR',1300,'tonnes','-1293000','metric tons','0.1','percent','145.111','dollars per metric ton NSR',1300,'metric tons','Co','Indicated','Mineral Resource','CIM','Page 14-2, Table 14-1','Clow and others (2017)','<Null>'),(100,'MI00001','Mo00363','Eagle East','2018-07-19','platinum',2016,'ore','-290000','tonnes','0.5','grams per tonne','160','dollars per ton NSR',150000.111,'grams','-290000','metric tons','0.5','grams per metric ton','145.111','dollars per metric ton NSR',0.15111,'metric tons','Pt','Inferred','Mineral Resource','CIM','Page 14-2, Table 14-1','Clow and others (2017)','<Null>'),(101,'MI00001','Mo00363','Eagle East','2018-07-19','silver',2016,'ore','-290000','tonnes','6','grams per tonne','160','dollars per ton NSR',60000,'ounces','-290000','metric tons','6','grams per metric ton','145.111','dollars per metric ton NSR',1.7111,'metric tons','Ag','Inferred','Mineral Resource','CIM','Page 14-2, Table 14-1','Clow and others (2017)','<Null>'),(102,'MI00001','Mo00363','Eagle East','2018-07-19','palladium',2016,'ore','-290000','tonnes','0.3','grams per tonne','160','dollars per ton NSR',87000.111,'grams','-290000','metric tons','0.3','grams per metric ton','145.111','dollars per metric ton NSR',0.087111,'metric tons','Pd','Inferred','Mineral Resource','CIM','Page 14-2, Table 14-1','Clow and others (2017)','<Null>'),(103,'MI00001','Mo00363','Eagle East','2018-07-19','silver',2016,'ore','-1544000','tonnes','10.6','grams per tonne','160','dollars per ton NSR',40000,'ounces','-1544000','metric tons','10.6','grams per metric ton','145.111','dollars per metric ton NSR',16.4111,'metric tons','Ag','Probable','Mineral Reserve','CIM','Page 15-2, Table 15-1','Clow and others (2017)','<Null>'),(104,'MI00001','Mo00363','Eagle East','2018-07-19','gold',2016,'ore','-290000','tonnes','0.2','grams per tonne','160','dollars per ton NSR',58000.111,'grams','-290000','metric tons','0.2','grams per metric ton','145.111','dollars per metric ton NSR',1.7111,'metric tons','Au','Inferred','Mineral Resource','CIM','Page 14-2, Table 14-1','Clow and others (2017)','<Null>'),(105,'MI00001','Mo00363','Eagle East','2018-07-19','palladium',2016,'ore','-1293000','tonnes','1.3','grams per tonne','160','dollars per ton NSR',50000,'ounces','-1293000','metric tons','1.3','grams per metric ton','145.111','dollars per metric ton NSR',1.7111,'metric tons','Pd','Indicated','Mineral Resource','CIM','Page 14-2, Table 14-1','Clow and others (2017)','<Null>'),(106,'MI00001','Mo00363','Eagle East','2018-07-19','silver',2016,'ore','-1293000','tonnes','15.3','grams per tonne','160','dollars per ton NSR',640000,'ounces','-1293000','metric tons','15.3','grams per metric ton','145.111','dollars per metric ton NSR',20.111,'metric tons','Ag','Indicated','Mineral Resource','CIM','Page 14-2, Table 14-1','Clow and others (2017)','<Null>'),(107,'MI00001','Mo00363','Eagle East','2018-07-19','nickel',2016,'ore','-290000','tonnes','1.7','percent','160','dollars per ton NSR',4900,'tonnes','-290000','metric tons','1.7','percent','145.111','dollars per metric ton NSR',4900,'metric tons','Ni','Inferred','Mineral Resource','CIM','Page 14-2, Table 14-1','Clow and others (2017)','<Null>'),(108,'MI00001','Mo00363','Eagle East','2018-07-19','nickel',2016,'ore','-1544000','tonnes','3.7','percent','160','dollars per ton NSR',57100,'tonnes','-1544000','metric tons','3.7','percent','145.111','dollars per metric ton NSR',57100,'metric tons','Ni','Probable','Mineral Reserve','CIM','Page 15-2, Table 15-1','Clow and others (2017)','<Null>'),(109,'MI00001','Mo00363','Eagle East','2018-07-19','gold',2016,'ore','-1544000','tonnes','0.4','grams per tonne','160','dollars per ton NSR',60000,'ounces','-1544000','metric tons','0.4','grams per metric ton','145.111','dollars per metric ton NSR',0.62111,'metric tons','Au','Probable','Mineral Reserve','CIM','Page 15-2, Table 15-1','Clow and others (2017)','<Null>'),(110,'MI00001','Mo00363','Eagle East','2018-07-19','gold',2016,'ore','-1293000','tonnes','0.5','grams per tonne','160','dollars per ton NSR',20000,'ounces','-1293000','metric tons','0.5','grams per metric ton','145.111','dollars per metric ton NSR',0.65111,'metric tons','Au','Indicated','Mineral Resource','CIM','Page 14-2, Table 14-1','Clow and others (2017)','<Null>'),(111,'MI00001','Mo00363','Eagle East','2018-07-19','copper',2016,'ore','-1544000','tonnes','3','percent','160','dollars per ton NSR',46300,'tonnes','-1544000','metric tons','3','percent','145.111','dollars per metric ton NSR',46300,'metric tons','Cu','Probable','Mineral Reserve','CIM','Page 15-2, Table 15-1','Clow and others (2017)','<Null>'),(112,'MI00001','Mo00363','Eagle East','2018-07-19','copper',2016,'ore','-1293000','tonnes','4.2','percent','160','dollars per ton NSR',54300,'tonnes','-1293000','metric tons','4.2','percent','145.111','dollars per metric ton NSR',54300,'metric tons','Cu','Indicated','Mineral Resource','CIM','Page 14-2, Table 14-1','Clow and others (2017)','<Null>'),(113,'MI00001','Mo00363','Eagle East','2018-07-19','palladium',2016,'ore','-1544000','tonnes','0.9','grams per tonne','160','dollars per ton NSR',530000,'ounces','-1544000','metric tons','0.9','grams per metric ton','145.111','dollars per metric ton NSR',1.4111,'metric tons','Pd','Probable','Mineral Reserve','CIM','Page 15-2, Table 15-1','Clow and others (2017)','<Null>'),(114,'MI00001','Mo00363','Eagle East','2018-07-19','platinum',2016,'ore','-1293000','tonnes','1.7','grams per tonne','160','dollars per ton NSR',70000,'ounces','-1293000','metric tons','1.7','grams per metric ton','145.111','dollars per metric ton NSR',2.2111,'metric tons','Pt','Indicated','Mineral Resource','CIM','Page 14-2, Table 14-1','Clow and others (2017)','<Null>'),(115,'MI00001','Mo00363','Eagle East','2018-07-19','platinum',2016,'ore','-1544000','tonnes','1.2','grams per tonne','160','dollars per ton NSR',20000,'ounces','-1544000','metric tons','1.2','grams per metric ton','145.111','dollars per metric ton NSR',1.9111,'metric tons','Pt','Probable','Mineral Reserve','CIM','Page 15-2, Table 15-1','Clow and others (2017)','<Null>'),(116,'MI00001','Mo00363','Eagle East','2018-07-19','nickel',2016,'ore','-1293000','tonnes','5.2','percent','160','dollars per ton NSR',67200,'tonnes','-1293000','metric tons','5.2','percent','145.111','dollars per metric ton NSR',67200,'metric tons','Ni','Indicated','Mineral Resource','CIM','Page 14-2, Table 14-1','Clow and others (2017)','<Null>'),(117,'MN00002','Mo00746','NorthMet','2018-07-17','silver',2018,'ore','-254669000','tons','1.06','parts per million','<Null>','<Null>',270.111,'tons','-231032000.1','metric tons','1.06','parts per million','<Null>','<Null>',245.111,'metric tons','Ag','Proven plus Probable','Mineral Reserve','CIM','Page 22, Table 1-1','Black and others (2018)','<Null>'),(118,'MN00002','Mo00746','NorthMet','2018-07-17','nickel',2018,'ore','-649300000','tons','0.074','percent','0.496','percent copper equivalent',480000.111,'tons','-589000000.1','metric tons','0.074','percent','0.496','percent copper equivalent',440000,'metric tons','Ni','Measured plus Indicated','Mineral Resource','CIM','Page 23, Table 1-2','Black and others (2018)','<Null>'),(119,'MN00002','Mo00746','NorthMet','2018-07-17','silver',2018,'ore','-508900000','tons','0.93','parts per million','0.489','percent copper equivalent',470.111,'tons','-461700000.1','metric tons','0.93','parts per million','0.489','percent copper equivalent',430.111,'metric tons','Ag','Inferred','Mineral Resource','CIM','Page 23, Table 1-2','Black and others (2018)','<Null>'),(120,'MN00002','Mo00746','NorthMet','2018-07-17','silver',2018,'ore','-649300000','tons','0.91','parts per million','0.496','percent copper equivalent',590.111,'tons','-589000000.1','metric tons','0.91','parts per million','0.496','percent copper equivalent',540.111,'metric tons','Ag','Measured plus Indicated','Mineral Resource','CIM','Page 23, Table 1-2','Black and others (2018)','<Null>'),(121,'MN00002','Mo00746','NorthMet','2018-07-17','cobalt',2018,'ore','-508900000','tons','66','parts per million','0.489','percent copper equivalent',34000.111,'tons','-461700000.1','metric tons','66','parts per million','0.489','percent copper equivalent',30000.1,'metric tons','Co','Inferred','Mineral Resource','CIM','Page 23, Table 1-2','Black and others (2018)','<Null>'),(122,'MN00002','Mo00746','NorthMet','2018-07-17','cobalt',2017,'ore','923900000','metric tons','0.01','percent','<Null>','<Null>',92000,'metric tons','923900000','metric tons','0.01','percent','<Null>','<Null>',92000,'metric tons','Co','<Null>','Resources inclusive of Reserves','<Null>','Page F38, Table F1','Slack and others (2017)','<Null>'),(123,'MN00002','Mo00746','NorthMet','2018-07-17','gold',2018,'ore','-649300000','tons','33','parts per billion','0.496','percent copper equivalent',21.111,'tons','-589000000.1','metric tons','33','parts per billion','0.496','percent copper equivalent',19.111,'metric tons','Au','Measured plus Indicated','Mineral Resource','CIM','Page 23, Table 1-2','Black and others (2018)','<Null>'),(124,'MN00002','Mo00746','NorthMet','2018-07-17','nickel',2018,'ore','-254669000','tons','0.084','percent','<Null>','<Null>',210000.111,'tons','-231032000.1','metric tons','0.084','percent','<Null>','<Null>',190000,'metric tons','Ni','Proven plus Probable','Mineral Reserve','CIM','Page 22, Table 1-1','Black and others (2018)','<Null>'),(125,'MN00002','Mo00746','NorthMet','2018-07-17','palladium',2018,'ore','-649300000','tons','221','parts per billion','0.496','percent copper equivalent',144.111,'tons','-589000000.1','metric tons','221','parts per billion','0.496','percent copper equivalent',130.111,'metric tons','Pd','Measured plus Indicated','Mineral Resource','CIM','Page 23, Table 1-2','Black and others (2018)','<Null>'),(126,'MN00002','Mo00746','NorthMet','2018-07-17','copper',2018,'ore','-254669000','tons','0.294','percent','<Null>','<Null>',749000.111,'tons','-231032000.1','metric tons','0.294','percent','<Null>','<Null>',679000,'metric tons','Cu','Proven plus Probable','Mineral Reserve','CIM','Page 22, Table 1-1','Black and others (2018)','<Null>'),(127,'MN00002','Mo00746','NorthMet','2018-07-17','palladium',2018,'ore','-508900000','tons','234','parts per billion','0.489','percent copper equivalent',119.111,'tons','-461700000.1','metric tons','234','parts per billion','0.489','percent copper equivalent',108.111,'metric tons','Pd','Inferred','Mineral Resource','CIM','Page 23, Table 1-2','Black and others (2018)','<Null>'),(128,'MN00002','Mo00746','NorthMet','2018-07-17','platinum',2018,'ore','-649300000','tons','65','parts per billion','0.496','percent copper equivalent',42.111,'tons','-589000000.1','metric tons','65','parts per billion','0.496','percent copper equivalent',38.111,'metric tons','Pt','Measured plus Indicated','Mineral Resource','CIM','Page 23, Table 1-2','Black and others (2018)','<Null>'),(129,'MN00002','Mo00746','NorthMet','2018-07-17','copper',2018,'ore','-649300000','tons','0.24','percent','0.496','percent copper equivalent',1590000.111,'tons','-589000000.1','metric tons','0.245','percent','0.496','percent copper equivalent',1440000,'metric tons','Cu','Measured plus Indicated','Mineral Resource','CIM','Page 23, Table 1-2','Black and others (2018)','<Null>'),(130,'MN00002','Mo00746','NorthMet','2018-07-17','cobalt',2018,'ore','-254669000','tons','74.42','parts per million','<Null>','<Null>',18950.111,'tons','-231032000.1','metric tons','74.42','parts per million','<Null>','<Null>',17190.1,'metric tons','Co','Proven plus Probable','Mineral Reserve','CIM','Page 22, Table 1-1','Black and others (2018)','<Null>'),(131,'MN00002','Mo00746','NorthMet','2018-07-17','copper',2018,'ore','-508900000','tons','0.24','percent','0.489','percent copper equivalent',1220000.111,'tons','-461700000.1','metric tons','0.24','percent','0.489','percent copper equivalent',1110000,'metric tons','Cu','Inferred','Mineral Resource','CIM','Page 23, Table 1-2','Black and others (2018)','<Null>'),(132,'MN00002','Mo00746','NorthMet','2018-07-17','palladium',2018,'ore','-254669000','tons','268','parts per billion','<Null>','<Null>',68.3111,'tons','-231032000.1','metric tons','268','parts per billion','<Null>','<Null>',61.9111,'metric tons','Pd','Proven plus Probable','Mineral Reserve','CIM','Page 22, Table 1-1','Black and others (2018)','<Null>'),(133,'MN00002','Mo00746','NorthMet','2018-07-17','platinum',2018,'ore','-254669000','tons','80','parts per billion','<Null>','<Null>',20.111,'tons','-231032000.1','metric tons','80','parts per billion','<Null>','<Null>',18.111,'metric tons','Pt','Proven plus Probable','Mineral Reserve','CIM','Page 22, Table 1-1','Black and others (2018)','<Null>'),(134,'MN00002','Mo00746','NorthMet','2018-07-17','nickel',2018,'ore','-508900000','tons','0.07','percent','0.489','percent copper equivalent',360000.111,'tons','-461700000.1','metric tons','0.07','percent','0.489','percent copper equivalent',320000,'metric tons','Ni','Inferred','Mineral Resource','CIM','Page 23, Table 1-2','Black and others (2018)','<Null>'),(135,'MN00002','Mo00746','NorthMet','2018-07-17','cobalt',2018,'ore','-649300000','tons','71','parts per million','0.496','percent copper equivalent',46000.111,'tons','-589000000.1','metric tons','71','parts per million','0.496','percent copper equivalent',42000.1,'metric tons','Co','Measured plus Indicated','Mineral Resource','CIM','Page 23, Table 1-2','Black and others (2018)','<Null>'),(136,'MN00002','Mo00746','NorthMet','2018-07-17','gold',2018,'ore','-508900000','tons','37','parts per billion','0.489','percent copper equivalent',19.111,'tons','-461700000.1','metric tons','37','parts per billion','0.489','percent copper equivalent',17.111,'metric tons','Au','Inferred','Mineral Resource','CIM','Page 23, Table 1-2','Black and others (2018)','<Null>'),(137,'MN00002','Mo00746','NorthMet','2018-07-17','platinum',2018,'ore','-508900000','tons','72','parts per billion','0.489','percent copper equivalent',37.111,'tons','-461700000.1','metric tons','72','parts per billion','0.489','percent copper equivalent',33.111,'metric tons','Pt','Inferred','Mineral Resource','CIM','Page 23, Table 1-2','Black and others (2018)','<Null>'),(138,'MN00002','Mo00746','NorthMet','2018-07-17','gold',2018,'ore','-254669000','tons','39','parts per billion','<Null>','<Null>',9.9111,'tons','-231032000.1','metric tons','39','parts per billion','<Null>','<Null>',9.0111,'metric tons','Au','Proven plus Probable','Mineral Reserve','CIM','Page 22, Table 1-1','Black and others (2018)','<Null>'),(139,'MN00003','Mo00719','Birch Lake','2018-07-18','platinum',2014,'ore','-239000000','short tons','0.18','parts per million','30','dollars per short tons NSR',1300000,'ounces','-217000000.1','metric tons','0.18','parts per million','33.07111','dollars per metric tons NSR',39.111,'metric tons','Pt','Inferred','Mineral Resource','CIM','Page 14-39, Table 14-20','Barber and others (2014)','<Null>'),(140,'MN00003','Mo00719','Birch Lake','2018-07-18','palladium',2014,'ore','-99700000','short tons','0.515','parts per million','30','dollars per short tons NSR',1500000,'ounces','-90400000.11','metric tons','0.515','parts per million','33.07111','dollars per metric tons NSR',46.6111,'metric tons','Pd','Indicated','Mineral Resource','CIM','Page 14-39, Table 14-20','Barber and others (2014)','<Null>'),(141,'MN00003','Mo00719','Birch Lake','2018-07-18','copper',2014,'ore','-99700000','short tons','0.52','percent','30','dollars per short tons NSR',1037000000,'pounds','-90400000.11','metric tons','0.52','percent','33.07111','dollars per metric tons NSR',470000,'metric tons','Cu','Indicated','Mineral Resource','CIM','Page 14-39, Table 14-20','Barber and others (2014)','<Null>'),(142,'MN00003','Mo00719','Birch Lake','2018-07-18','gold',2014,'ore','-99700000','short tons','0.115','parts per million','30','dollars per short tons NSR',300000,'ounces','-90400000.11','metric tons','0.115','parts per million','33.07111','dollars per metric tons NSR',10.4111,'metric tons','Au','Indicated','Mineral Resource','CIM','Page 14-39, Table 14-20','Barber and others (2014)','<Null>'),(143,'MN00003','Mo00719','Birch Lake','2018-07-18','nickel',2014,'ore','-99700000','short tons','0.16','percent','30','dollars per short tons NSR',319000000,'pounds','-90400000.11','metric tons','0.16','percent','33.07111','dollars per metric tons NSR',140000,'metric tons','Ni','Indicated','Mineral Resource','CIM','Page 14-39, Table 14-20','Barber and others (2014)','<Null>'),(144,'MN00003','Mo00719','Birch Lake','2018-07-18','nickel',2014,'ore','-239000000','short tons','0.15','percent','30','dollars per short tons NSR',707000000,'pounds','-217000000.1','metric tons','0.15','percent','33.07111','dollars per metric tons NSR',330000,'metric tons','Ni','Inferred','Mineral Resource','CIM','Page 14-39, Table 14-20','Barber and others (2014)','<Null>'),(145,'MN00003','Mo00719','Birch Lake','2018-07-18','palladium',2014,'ore','-239000000','short tons','0.37','parts per million','30','dollars per short tons NSR',2600000,'ounces','-217000000.1','metric tons','0.37','parts per million','33.07111','dollars per metric tons NSR',80.111,'metric tons','Pd','Inferred','Mineral Resource','CIM','Page 14-39, Table 14-20','Barber and others (2014)','<Null>'),(146,'MN00003','Mo00719','Birch Lake','2018-07-18','platinum',2014,'ore','-99700000','short tons','0.235','parts per million','30','dollars per short tons NSR',700000,'ounces','-90400000.11','metric tons','0.235','parts per million','33.07111','dollars per metric tons NSR',21.3111,'metric tons','Pt','Indicated','Mineral Resource','CIM','Page 14-39, Table 14-20','Barber and others (2014)','<Null>'),(147,'MN00003','Mo00719','Birch Lake','2018-07-18','copper',2014,'ore','-239000000','short tons','0.46','percent','30','dollars per short tons NSR',2189000000,'pounds','-217000000.1','metric tons','0.46','percent','33.07111','dollars per metric tons NSR',1000000,'metric tons','Cu','Inferred','Mineral Resource','CIM','Page 14-39, Table 14-20','Barber and others (2014)','<Null>'),(148,'MN00003','Mo00719','Birch Lake','2018-07-18','gold',2014,'ore','-239000000','short tons','0.087','parts per million','30','dollars per short tons NSR',600000,'ounces','-217000000.1','metric tons','0.087','parts per million','33.07111','dollars per metric tons NSR',19.111,'metric tons','Au','Inferred','Mineral Resource','CIM','Page 14-39, Table 14-20','Barber and others (2014)','<Null>'),(149,'MN00003','Mo00720','Maturi Southwest','2018-07-18','palladium',2014,'ore','-102600000','short tons','0.185','parts per million','21.66','dollars per short tons NSR',600000,'ounces','-93080000.11','metric tons','0.185','parts per million','23.88111','dollars per metric tons NSR',17.2111,'metric tons','Pd','Indicated','Mineral Resource','CIM','Page 14-37, Table 14-18','Barber and others (2014)','<Null>'),(150,'MN00003','Mo00720','Maturi Southwest','2018-07-18','copper',2014,'ore','-102600000','short tons','0.48','percent','21.66','dollars per short tons NSR',976000000,'pounds','-93080000.11','metric tons','0.48','percent','23.88111','dollars per metric tons NSR',450000,'metric tons','Cu','Indicated','Mineral Resource','CIM','Page 14-37, Table 14-18','Barber and others (2014)','<Null>'),(151,'MN00003','Mo00720','Maturi Southwest','2018-07-18','copper',2014,'ore','-32300000','short tons','0.43','percent','21.66','dollars per short tons NSR',281000000,'pounds','-29300000.11','metric tons','0.43','percent','23.88111','dollars per metric tons NSR',130000,'metric tons','Cu','Inferred','Mineral Resource','CIM','Page 14-37, Table 14-18','Barber and others (2014)','<Null>'),(152,'MN00003','Mo00720','Maturi Southwest','2018-07-18','platinum',2014,'ore','-32300000','short tons','0.065','parts per million','21.66','dollars per short tons NSR',100000,'ounces','-29300000.11','metric tons','0.065','parts per million','23.88111','dollars per metric tons NSR',1.9111,'metric tons','Pt','Inferred','Mineral Resource','CIM','Page 14-37, Table 14-18','Barber and others (2014)','<Null>'),(153,'MN00003','Mo00720','Maturi Southwest','2018-07-18','palladium',2014,'ore','-32300000','short tons','0.157','parts per million','21.66','dollars per short tons NSR',100000,'ounces','-29300000.11','metric tons','0.157','parts per million','23.88111','dollars per metric tons NSR',4.6111,'metric tons','Pd','Inferred','Mineral Resource','CIM','Page 14-37, Table 14-18','Barber and others (2014)','<Null>'),(154,'MN00003','Mo00720','Maturi Southwest','2018-07-18','cobalt',2014,'ore','-102600000','short tons','108.1','parts per million','21.66','dollars per short tons NSR',22000000,'pounds','-93080000.11','metric tons','108.1','parts per million','23.88111','dollars per metric tons NSR',10060.1,'metric tons','Co','Indicated','Mineral Resource','CIM','Page 14-37, Table 14-18','Barber and others (2014)','<Null>'),(155,'MN00003','Mo00720','Maturi Southwest','2018-07-18','cobalt',2014,'ore','-32300000','short tons','102.2','parts per million','21.66','dollars per short tons NSR',7000000,'pounds','-29300000.11','metric tons','102.2','parts per million','23.88111','dollars per metric tons NSR',2995.11,'metric tons','Co','Inferred','Mineral Resource','CIM','Page 14-37, Table 14-18','Barber and others (2014)','<Null>'),(156,'MN00003','Mo00720','Maturi Southwest','2018-07-18','nickel',2014,'ore','-102600000','short tons','0.17','percent','21.66','dollars per short tons NSR',340000000,'pounds','-93080000.11','metric tons','0.17','percent','23.88111','dollars per metric tons NSR',160000,'metric tons','Ni','Indicated','Mineral Resource','CIM','Page 14-37, Table 14-18','Barber and others (2014)','<Null>'),(157,'MN00003','Mo00720','Maturi Southwest','2018-07-18','gold',2014,'ore','-102600000','short tons','0.048','parts per million','21.66','dollars per short tons NSR',100000,'ounces','-93080000.11','metric tons','0.048','parts per million','23.88111','dollars per metric tons NSR',4.5111,'metric tons','Au','Indicated','Mineral Resource','CIM','Page 14-37, Table 14-18','Barber and others (2014)','<Null>'),(158,'MN00003','Mo00720','Maturi Southwest','2018-07-18','nickel',2014,'ore','-32300000','short tons','0.15','percent','21.66','dollars per short tons NSR',97000000,'pounds','-29300000.11','metric tons','0.15','percent','23.88111','dollars per metric tons NSR',44000.1,'metric tons','Ni','Inferred','Mineral Resource','CIM','Page 14-37, Table 14-18','Barber and others (2014)','<Null>'),(159,'MN00003','Mo00720','Maturi Southwest','2018-07-18','gold',2014,'ore','-32300000','short tons','0.041','parts per million','21.66','dollars per short tons NSR',1.3111,'short tons','-29300000.11','metric tons','0.041','parts per million','23.88111','dollars per metric tons NSR',1.2111,'metric tons','Au','Inferred','Mineral Resource','CIM','Page 14-37, Table 14-18','Barber and others (2014)','<Null>'),(160,'MN00003','Mo00720','Maturi Southwest','2018-07-18','silver',2014,'ore','-102600000','short tons','1.59','parts per million','21.66','dollars per short tons NSR',4700000,'ounces','-93080000.11','metric tons','1.58','parts per million','23.88111','dollars per metric tons NSR',147.111,'metric tons','Ag','Indicated','Mineral Resource','CIM','Page 14-37, Table 14-18','Barber and others (2014)','<Null>'),(161,'MN00003','Mo00720','Maturi Southwest','2018-07-18','silver',2014,'ore','-32300000','short tons','1.43','parts per million','21.66','dollars per short tons NSR',1300000,'ounces','-29300000.11','metric tons','1.43','parts per million','23.88111','dollars per metric tons NSR',41.9111,'metric tons','Ag','Inferred','Mineral Resource','CIM','Page 14-37, Table 14-18','Barber and others (2014)','<Null>'),(162,'MN00003','Mo00720','Maturi Southwest','2018-07-18','platinum',2014,'ore','-102600000','short tons','0.08','parts per million','21.66','dollars per short tons NSR',200000,'ounces','-93080000.11','metric tons','0.08','parts per million','23.88111','dollars per metric tons NSR',7.5111,'metric tons','Pt','Indicated','Mineral Resource','CIM','Page 14-37, Table 14-18','Barber and others (2014)','<Null>'),(163,'MN00003','Mo00721','Maturi','2018-07-17','nickel',2014,'ore','-1130000000','short tons','0.19','percent','21.66','dollars per short tons NSR',4286000000,'pounds','-1030000000','metric tons','0.19','percent','23.88111','dollars per metric tons NSR',1900000,'metric tons','Ni','Measured plus Indicated','Mineral Resource','CIM','Page 14-35, Table 14-16','Barber and others (2014)','<Null>'),(164,'MN00003','Mo00721','Maturi','2018-07-17','gold',2014,'ore','-530600000','short tons','0.07','parts per million','21.66','dollars per short tons NSR',1100000,'ounces','-481400000.1','metric tons','0.07','parts per million','23.88111','dollars per metric tons NSR',34.111,'metric tons','Au','Inferred','Mineral Resource','CIM','Page 14-35, Table 14-16','Barber and others (2014)','<Null>'),(165,'MN00003','Mo00721','Maturi','2018-07-17','nickel',2014,'ore','-530600000','short tons','0.16','percent','21.66','dollars per short tons NSR',1730000000,'pounds','-481400000.1','metric tons','0.16','percent','23.88111','dollars per metric tons NSR',770000,'metric tons','Ni','Inferred','Mineral Resource','CIM','Page 14-35, Table 14-16','Barber and others (2014)','<Null>'),(166,'MN00003','Mo00721','Maturi','2018-07-17','cobalt',2014,'ore','-530600000','short tons','97.6','parts per million','21.66','dollars per short tons NSR',104000000,'pounds','-481400000.1','metric tons','97.6','parts per million','23.88111','dollars per metric tons NSR',47000.1,'metric tons','Co','Inferred','Mineral Resource','CIM','Page 14-35, Table 14-16','Barber and others (2014)','<Null>'),(167,'MN00003','Mo00721','Maturi','2018-07-17','platinum',2014,'ore','-530600000','short tons','0.138','parts per million','21.66','dollars per short tons NSR',2100000,'ounces','-481400000.1','metric tons','0.138','parts per million','23.88111','dollars per metric tons NSR',66.4111,'metric tons','Pt','Inferred','Mineral Resource','CIM','Page 14-35, Table 14-16','Barber and others (2014)','<Null>'),(168,'MN00003','Mo00721','Maturi','2018-07-17','palladium',2014,'ore','-1130000000','short tons','0.347','parts per million','21.66','dollars per short tons NSR',11400000,'ounces','-1030000000','metric tons','0.347','parts per million','23.88111','dollars per metric tons NSR',356.111,'metric tons','Pd','Measured plus Indicated','Mineral Resource','CIM','Page 14-35, Table 14-16','Barber and others (2014)','<Null>'),(169,'MN00003','Mo00721','Maturi','2018-07-17','cobalt',2014,'ore','-1130000000','short tons','104.5','parts per million','21.66','dollars per short tons NSR',236000000,'pounds','-1030000000','metric tons','104.5','parts per million','23.88111','dollars per metric tons NSR',107100,'metric tons','Co','Measured plus Indicated','Mineral Resource','CIM','Page 14-35, Table 14-16','Barber and others (2014)','<Null>'),(170,'MN00003','Mo00721','Maturi','2018-07-17','gold',2014,'ore','-1130000000','short tons','0.083','parts per million','21.66','dollars per short tons NSR',2700000,'ounces','-1030000000','metric tons','0.083','parts per million','23.88111','dollars per metric tons NSR',85.111,'metric tons','Au','Measured plus Indicated','Mineral Resource','CIM','Page 14-35, Table 14-16','Barber and others (2014)','<Null>'),(171,'MN00003','Mo00721','Maturi','2018-07-17','silver',2014,'ore','-530600000','short tons','1.81','parts per million','21.66','dollars per short tons NSR',28000000,'ounces','-481400000.1','metric tons','1.81','parts per million','23.88111','dollars per metric tons NSR',871.111,'metric tons','Ag','Inferred','Mineral Resource','CIM','Page 14-35, Table 14-16','Barber and others (2014)','<Null>'),(172,'MN00003','Mo00721','Maturi','2018-07-17','silver',2014,'ore','-1130000000','short tons','2.14','parts per million','21.66','dollars per short tons NSR',70700000,'ounces','-1030000000','metric tons','2.14','parts per million','23.88111','dollars per metric tons NSR',2190.11,'metric tons','Ag','Measured plus Indicated','Mineral Resource','CIM','Page 14-35, Table 14-16','Barber and others (2014)','<Null>'),(173,'MN00003','Mo00721','Maturi','2018-07-17','palladium',2014,'ore','-530600000','short tons','0.314','parts per million','21.66','dollars per short tons NSR',4900000,'ounces','-481400000.1','metric tons','0.314','parts per million','23.88111','dollars per metric tons NSR',151.111,'metric tons','Pd','Inferred','Mineral Resource','CIM','Page 14-35, Table 14-16','Barber and others (2014)','<Null>'),(174,'MN00003','Mo00721','Maturi','2018-07-17','platinum',2014,'ore','-1130000000','short tons','0.153','parts per million','21.66','dollars per short tons NSR',5000000,'ounces','-1030000000','metric tons','0.153','parts per million','23.88111','dollars per metric tons NSR',157.111,'metric tons','Pt','Measured plus Indicated','Mineral Resource','CIM','Page 14-35, Table 14-16','Barber and others (2014)','<Null>'),(175,'MN00003','Mo00721','Maturi','2018-07-17','copper',2014,'ore','-1130000000','short tons','0.59','percent','21.66','dollars per short tons NSR',13366000000,'pounds','-1030000000','metric tons','0.59','percent','23.88111','dollars per metric tons NSR',6000000,'metric tons','Cu','Measured plus Indicated','Mineral Resource','CIM','Page 14-35, Table 14-16','Barber and others (2014)','<Null>'),(176,'MN00003','Mo00721','Maturi','2018-07-17','copper',2014,'ore','-530600000','short tons','0.49','percent','21.66','dollars per short tons NSR',5242000000,'pounds','-481400000.1','metric tons','0.49','percent','23.88111','dollars per metric tons NSR',2400000,'metric tons','Cu','Inferred','Mineral Resource','CIM','Page 14-35, Table 14-16','Barber and others (2014)','<Null>'),(177,'MN00003','Mo00722','Spruce Road','2018-07-19','copper',2014,'ore','-480000000','short tons','0.43','percent','30','dollars per short tons NSR',4128000000,'pounds','-440000000.1','metric tons','0.43','percent','33.07111','dollars per metric tons NSR',1900000,'metric tons','Cu','Inferred','Mineral Resource','CIM','Page 14-40, Table 14-21','Barber and others (2014)','<Null>'),(178,'MN00003','Mo00722','Spruce Road','2018-07-19','nickel',2014,'ore','-480000000','short tons','0.16','percent','30','dollars per short tons NSR',1536000000,'pounds','-440000000.1','metric tons','0.16','percent','33.07111','dollars per metric tons NSR',700000,'metric tons','Ni','Inferred','Mineral Resource','CIM','Page 14-40, Table 14-21','Barber and others (2014)','<Null>'),(179,'MN00008','Mo00740','138 Zone','2018-07-19','nickel',2018,'ore','-2705000','tonnes','0.95','percent','0.83','percent nickel equivalent',26000.111,'tonnes','-2705000','metric tons','0.95','percent','0.83','percent nickel equivalent',26000.1,'metric tons','Ni','Inferred','Mineral Resource','CIM','Page 187, Table 14-18','Fletcher and others (2018)','<Null>'),(180,'MN00008','Mo00740','138 Zone','2018-07-19','platinum',2018,'ore','-2705000','tonnes','0.23','grams per tonne','0.83','percent nickel equivalent',620000.111,'grams','-2705000','metric tons','0.23','grams per metric ton','0.83','percent nickel equivalent',0.62111,'metric tons','Pt','Inferred','Mineral Resource','CIM','Page 187, Table 14-18','Fletcher and others (2018)','<Null>'),(181,'MN00008','Mo00740','138 Zone','2018-07-19','cobalt',2018,'ore','-2705000','tonnes','0.03','percent','0.83','percent nickel equivalent',810.111,'tonnes','-2705000','metric tons','0.03','percent','0.83','percent nickel equivalent',810.111,'metric tons','Co','Inferred','Mineral Resource','CIM','Page 187, Table 14-18','Fletcher and others (2018)','<Null>'),(182,'MN00008','Mo00740','138 Zone','2018-07-19','copper',2018,'ore','-2705000','tonnes','0.74','percent','0.83','percent nickel equivalent',20000.111,'tonnes','-2705000','metric tons','0.74','percent','0.83','percent nickel equivalent',20000.1,'metric tons','Cu','Inferred','Mineral Resource','CIM','Page 187, Table 14-18','Fletcher and others (2018)','<Null>'),(183,'MN00008','Mo00740','138 Zone','2018-07-19','gold',2018,'ore','-2705000','tonnes','0.16','grams per tonne','0.83','percent nickel equivalent',430000.111,'grams','-2705000','metric tons','0.16','grams per metric ton','0.83','percent nickel equivalent',0.43111,'metric tons','Au','Inferred','Mineral Resource','CIM','Page 187, Table 14-18','Fletcher and others (2018)','<Null>'),(184,'MN00008','Mo00740','138 Zone','2018-07-19','palladium',2018,'ore','-2705000','tonnes','0.13','grams per tonne','0.83','percent nickel equivalent',350000.111,'grams','-2705000','metric tons','0.13','grams per metric ton','0.83','percent nickel equivalent',0.35111,'metric tons','Pd','Inferred','Mineral Resource','CIM','Page 187, Table 14-18','Fletcher and others (2018)','<Null>'),(185,'MN00008','Mo00741','SMSU Zone','2018-07-18','platinum',2018,'ore','-1107000','tonnes','0.22','grams per tonne','0.83','percent nickel equivalent',240000.111,'grams','-1107000','metric tons','0.22','grams per metric ton','0.83','percent nickel equivalent',0.24111,'metric tons','Pt','Inferred','Mineral Resource','CIM','Page 187, Table 14-18','Fletcher and others (2018)','<Null>'),(186,'MN00008','Mo00741','SMSU Zone','2018-07-18','nickel',2018,'ore','-3639000','tonnes','1.83','percent','0.83','percent nickel equivalent',66600.111,'tonnes','-3639000','metric tons','1.83','percent','0.83','percent nickel equivalent',66600.1,'metric tons','Ni','Indicated','Mineral Resource','CIM','Page 187, Table 14-18','Fletcher and others (2018)','<Null>'),(187,'MN00008','Mo00741','SMSU Zone','2018-07-18','platinum',2018,'ore','-3639000','tonnes','0.42','grams per tonne','0.83','percent nickel equivalent',1500000.111,'grams','-3639000','metric tons','0.42','grams per metric ton','0.83','percent nickel equivalent',1.5111,'metric tons','Pt','Indicated','Mineral Resource','CIM','Page 187, Table 14-18','Fletcher and others (2018)','<Null>'),(188,'MN00008','Mo00741','SMSU Zone','2018-07-18','cobalt',2018,'ore','-3639000','tonnes','0.05','percent','0.83','percent nickel equivalent',1800.111,'tonnes','-3639000','metric tons','0.05','percent','0.83','percent nickel equivalent',1800.11,'metric tons','Co','Indicated','Mineral Resource','CIM','Page 187, Table 14-18','Fletcher and others (2018)','<Null>'),(189,'MN00008','Mo00741','SMSU Zone','2018-07-18','nickel',2018,'ore','-1107000','tonnes','0.9','percent','0.83','percent nickel equivalent',10000.111,'tonnes','-1107000','metric tons','0.9','percent','0.83','percent nickel equivalent',10000.1,'metric tons','Ni','Inferred','Mineral Resource','CIM','Page 187, Table 14-18','Fletcher and others (2018)','<Null>'),(190,'MN00008','Mo00741','SMSU Zone','2018-07-18','gold',2018,'ore','-3639000','tonnes','0.2','grams per tonne','0.83','percent nickel equivalent',730000.111,'grams','-3639000','metric tons','0.2','grams per metric ton','0.83','percent nickel equivalent',0.73111,'metric tons','Au','Indicated','Mineral Resource','CIM','Page 187, Table 14-18','Fletcher and others (2018)','<Null>'),(191,'MN00008','Mo00741','SMSU Zone','2018-07-18','palladium',2018,'ore','-1107000','tonnes','0.14','grams per tonne','0.83','percent nickel equivalent',150000.111,'grams','-1107000','metric tons','0.14','grams per metric ton','0.83','percent nickel equivalent',0.15111,'metric tons','Pd','Inferred','Mineral Resource','CIM','Page 187, Table 14-18','Fletcher and others (2018)','<Null>'),(192,'MN00008','Mo00741','SMSU Zone','2018-07-18','copper',2018,'ore','-3639000','tonnes','0.99','percent','0.83','percent nickel equivalent',36000.111,'tonnes','-3639000','metric tons','0.99','percent','0.83','percent nickel equivalent',36000.1,'metric tons','Cu','Indicated','Mineral Resource','CIM','Page 187, Table 14-18','Fletcher and others (2018)','<Null>'),(193,'MN00008','Mo00741','SMSU Zone','2018-07-18','palladium',2018,'ore','-3639000','tonnes','0.26','grams per tonne','0.83','percent nickel equivalent',950000.111,'grams','-3639000','metric tons','0.26','grams per metric ton','0.83','percent nickel equivalent',0.95111,'metric tons','Pd','Indicated','Mineral Resource','CIM','Page 187, Table 14-18','Fletcher and others (2018)','<Null>'),(194,'MN00008','Mo00741','SMSU Zone','2018-07-18','gold',2018,'ore','-1107000','tonnes','0.12','grams per tonne','0.83','percent nickel equivalent',130000.111,'grams','-1107000','metric tons','0.12','grams per metric ton','0.83','percent nickel equivalent',0.13111,'metric tons','Au','Inferred','Mineral Resource','CIM','Page 187, Table 14-18','Fletcher and others (2018)','<Null>'),(195,'MN00008','Mo00741','SMSU Zone','2018-07-18','copper',2018,'ore','-1107000','tonnes','0.55','percent','0.83','percent nickel equivalent',6100.111,'tonnes','-1107000','metric tons','0.55','percent','0.83','percent nickel equivalent',6100.11,'metric tons','Cu','Inferred','Mineral Resource','CIM','Page 187, Table 14-18','Fletcher and others (2018)','<Null>'),(196,'MN00008','Mo00741','SMSU Zone','2018-07-18','cobalt',2018,'ore','-1107000','tonnes','0.03','percent','0.83','percent nickel equivalent',330.111,'tonnes','-1107000','metric tons','0.03','percent','0.83','percent nickel equivalent',330.111,'metric tons','Co','Inferred','Mineral Resource','CIM','Page 187, Table 14-18','Fletcher and others (2018)','<Null>'),(197,'MN00008','Mo00742','MSU Zone','2018-07-18','nickel',2018,'ore','-570000','tonnes','5.86','percent','0.83','percent nickel equivalent',33400.111,'tonnes','-570000','metric tons','5.86','percent','0.83','percent nickel equivalent',33400.1,'metric tons','Ni','Inferred','Mineral Resource','CIM','Page 187, Table 14-18','Fletcher and others (2018)','<Null>'),(198,'MN00008','Mo00742','MSU Zone','2018-07-18','cobalt',2018,'ore','-570000','tonnes','0.12','percent','0.83','percent nickel equivalent',680.111,'tonnes','-570000','metric tons','0.12','percent','0.83','percent nickel equivalent',680.111,'metric tons','Co','Inferred','Mineral Resource','CIM','Page 187, Table 14-18','Fletcher and others (2018)','<Null>'),(199,'MN00008','Mo00742','MSU Zone','2018-07-18','platinum',2018,'ore','-570000','tonnes','0.68','grams per tonne','0.83','percent nickel equivalent',390000.111,'grams','-570000','metric tons','0.68','grams per metric ton','0.83','percent nickel equivalent',0.39111,'metric tons','Pt','Inferred','Mineral Resource','CIM','Page 187, Table 14-18','Fletcher and others (2018)','<Null>'),(200,'MN00008','Mo00742','MSU Zone','2018-07-18','copper',2018,'ore','-570000','tonnes','2.46','percent','0.83','percent nickel equivalent',14000.111,'tonnes','-570000','metric tons','2.46','percent','0.83','percent nickel equivalent',14000.1,'metric tons','Cu','Inferred','Mineral Resource','CIM','Page 187, Table 14-18','Fletcher and others (2018)','<Null>'),(201,'MN00008','Mo00742','MSU Zone','2018-07-18','gold',2018,'ore','-570000','tonnes','0.25','grams per tonne','0.83','percent nickel equivalent',140000.111,'grams','-570000','metric tons','0.25','grams per metric ton','0.83','percent nickel equivalent',0.14111,'metric tons','Au','Inferred','Mineral Resource','CIM','Page 187, Table 14-18','Fletcher and others (2018)','<Null>'),(202,'MN00008','Mo00742','MSU Zone','2018-07-18','palladium',2018,'ore','-570000','tonnes','0.51','grams per tonne','0.83','percent nickel equivalent',290000.111,'grams','-570000','metric tons','0.51','grams per metric ton','0.83','percent nickel equivalent',0.29111,'metric tons','Pd','Inferred','Mineral Resource','CIM','Page 187, Table 14-18','Fletcher and others (2018)','<Null>'),(203,'MO00002','Mo00774','Higdon','2018-07-19','nickel',1959,'ore','-9349040','tons','0.18','percent','<Null>','<Null>',17000.111,'tons','-8481310.111','metric tons','0.18','percent','<Null>','<Null>',15000.1,'metric tons','Ni','Indicated','Drill-Indicated Mineral Inventory','<Null>','Page 12','Knox and Amos (1959)','<Null>'),(204,'MO00002','Mo00774','Higdon','2018-07-19','cobalt',1959,'ore','-9349040','tons','0.16','percent','<Null>','<Null>',15000.111,'tons','-8481310.111','metric tons','0.16','percent','<Null>','<Null>',14000.1,'metric tons','Co','Indicated','Drill-Indicated Mineral Inventory','<Null>','Page 12','Knox and Amos (1959)','<Null>'),(205,'MO00002','Mo00774','Higdon','2018-07-19','lead',1959,'ore','-9349040','tons','2.35','percent','<Null>','<Null>',220000.111,'tons','-8481310.111','metric tons','2.35','percent','<Null>','<Null>',199000,'metric tons','Pb','Indicated','Drill-Indicated Mineral Inventory','<Null>','Page 12','Knox and Amos (1959)','<Null>'),(206,'MO00002','Mo00774','Higdon','2018-07-19','copper',1959,'ore','-9349040','tons','0.22','percent','<Null>','<Null>',21000.111,'tons','-8481310.111','metric tons','0.22','percent','<Null>','<Null>',19000.1,'metric tons','Cu','Indicated','Drill-Indicated Mineral Inventory','<Null>','Page 12','Knox and Amos (1959)','<Null>'),(207,'MO00002','Mo00774','Higdon','2018-07-19','zinc',1959,'ore','-9349040','tons','1.22','percent','<Null>','<Null>',114000.111,'tons','-8481310.111','metric tons','1.22','percent','<Null>','<Null>',103000,'metric tons','Zn','Indicated','Drill-Indicated Mineral Inventory','<Null>','Page 12','Knox and Amos (1959)','<Null>'),(208,'MO00013','Mo00559','Madison','2018-07-18','nickel',1957,'ore','-3000000','short tons','0.2','percent','<Null>','<Null>',6000.111,'short tons','-2700000.111','metric tons','0.2','percent','<Null>','<Null>',5400.11,'metric tons','Ni','Probable','Reserve','<Null>','Page 6','Kline and others (1961)','<Null>'),(209,'MO00013','Mo00559','Madison','2018-07-18','nickel',1957,'ore','-1500000','short tons','0.24','percent','<Null>','<Null>',3600.111,'short tons','-1400000.111','metric tons','0.24','percent','<Null>','<Null>',3300.11,'metric tons','Ni','Proven','Reserve','<Null>','Page 6','Kline and others (1961)','<Null>'),(210,'MO00013','Mo00559','Madison','2018-07-18','cobalt',1957,'ore','-3000000','short tons','0.16','percent','<Null>','<Null>',4800.111,'short tons','-2700000.111','metric tons','0.16','percent','<Null>','<Null>',4400.11,'metric tons','Co','Probable','Reserve','<Null>','Page 6','Kline and others (1961)','<Null>'),(211,'MO00013','Mo00559','Madison','2018-07-18','lead',1957,'ore','-3000000','short tons','1.75','percent','<Null>','<Null>',52500.111,'short tons','-2700000.111','metric tons','1.75','percent','<Null>','<Null>',47600.1,'metric tons','Pb','Probable','Reserve','<Null>','Page 6','Kline and others (1961)','<Null>'),(212,'MO00013','Mo00559','Madison','2018-07-18','copper',1957,'ore','-1500000','short tons','0.6','percent','<Null>','<Null>',9000.111,'short tons','-1400000.111','metric tons','0.6','percent','<Null>','<Null>',8200.11,'metric tons','Cu','Proven','Reserve','<Null>','Page 6','Kline and others (1961)','<Null>'),(213,'MO00013','Mo00559','Madison','2018-07-19','cobalt',2002,'ore','12081000','metric tons','0.35','percent','<Null>','<Null>',42284.111,'metric tons','12081000','metric tons','0.35','percent','<Null>','<Null>',42284.1,'metric tons','Co','<Null>','Resource','<Null>','<Null>','US Cobalt Inc. (2003)','<Null>'),(214,'MO00013','Mo00559','Madison','2018-07-18','copper',1957,'ore','-3000000','short tons','0.4','percent','<Null>','<Null>',12000.111,'short tons','-2700000.111','metric tons','0.4','percent','<Null>','<Null>',11000.1,'metric tons','Cu','Probable','Reserve','<Null>','Page 6','Kline and others (1961)','<Null>'),(215,'MO00013','Mo00559','Madison','2018-07-18','lead',1957,'ore','-1500000','short tons','2.3','percent','<Null>','<Null>',35000.111,'short tons','-1400000.111','metric tons','2.3','percent','<Null>','<Null>',31000.1,'metric tons','Pb','Proven','Reserve','<Null>','Page 6','Kline and others (1961)','<Null>'),(216,'MO00013','Mo00559','Madison','2018-07-18','cobalt',1957,'ore','-1500000','short tons','0.18','percent','<Null>','<Null>',2700.111,'short tons','-1400000.111','metric tons','0.18','percent','<Null>','<Null>',2400.11,'metric tons','Co','Proven','Reserve','<Null>','Page 6','Kline and others (1961)','<Null>'),(217,'MO00014','Mo00560','Boss-Bixby','2018-07-19','iron',1974,'ore','-40000000','short tons','18','percent','<Null>','<Null>',7200000.111,'short tons','-36300000.11','metric tons','18','percent','<Null>','<Null>',6500000,'metric tons','Fe','<Null>','Resource','<Null>','<Null>','Long and others (1998)','<Null>'),(218,'MO00014','Mo00560','Boss-Bixby','2018-07-19','copper',1974,'ore','-40000000','short tons','0.83','percent','<Null>','<Null>',330000.111,'short tons','-36300000.11','metric tons','0.83','percent','<Null>','<Null>',300000,'metric tons','Cu','<Null>','Resource','<Null>','<Null>','Long and others (1998)','Supported by resource in Nold and others (2014)'),(219,'MO00014','Mo00560','Boss-Bixby','2018-07-19','cobalt',1974,'ore','-40000000','short tons','0.035','percent','<Null>','<Null>',14000.111,'short tons','-36300000.11','metric tons','0.035','percent','<Null>','<Null>',12700.1,'metric tons','Co','<Null>','Resource','<Null>','<Null>','Long and others (1998)','<Null>'),(220,'MT00002','Mo00754','Johnny Lee Upper Zone','2018-07-19','copper',1988,'ore','-5000000','tons','2.5','percent','<Null>','<Null>',130000.111,'tons','-4500000.111','metric tons','2.5','percent','<Null>','<Null>',110000,'metric tons','Cu','<Null>','<Null>','<Null>','Page 11','Cominco Resources International Ltd. (1989)','<Null>'),(221,'MT00002','Mo00754','Johnny Lee Upper Zone','2018-07-19','cobalt',2013,'ore','-9179000','tonnes','0.12','percent','1.6','percent copper equivalent',24900000,'pounds','-9179000','metric tons','0.12','percent','1.6','percent copper equivalent',11000.1,'metric tons','Co','Measured plus Indicated','Mineral Resource','CIM','Page 1-8, Table 1.2','Winckers and others (2013)','<Null>'),(222,'MT00002','Mo00754','Johnny Lee Upper Zone','2018-07-19','copper',2013,'ore','-9179000','tonnes','2.83','percent','1.6','percent copper equivalent',573000000,'pounds','-9179000','metric tons','2.83','percent','1.6','percent copper equivalent',260000,'metric tons','Cu','Measured plus Indicated','Mineral Resource','CIM','Page 1-8, Table 1.2','Winckers and others (2013)','<Null>'),(223,'MT00002','Mo00754','Johnny Lee Upper Zone','2018-07-19','cobalt',1988,'ore','-5000000','tons','0.1','percent','<Null>','<Null>',5000.111,'tons','-4500000.111','metric tons','0.1','percent','<Null>','<Null>',4500.11,'metric tons','Co','<Null>','<Null>','<Null>','Page 11','Cominco Resources International Ltd. (1989)','<Null>'),(224,'MT00002','Mo00754','Johnny Lee Upper Zone','2018-07-19','copper',2013,'ore','-1255000','tonnes','2.52','percent','1.6','percent copper equivalent',70000000,'pounds','-1255000','metric tons','2.52','percent','1.6','percent copper equivalent',31600.1,'metric tons','Cu','Inferred','Mineral Resource','CIM','Page 1-9, Table 1.3','Winckers and others (2013)','<Null>'),(225,'MT00002','Mo00754','Johnny Lee Upper Zone','2018-07-19','cobalt',2013,'ore','-1255000','tonnes','0.1','percent','1.6','percent copper equivalent',2800000,'pounds','-1255000','metric tons','0.1','percent','1.6','percent copper equivalent',1300.11,'metric tons','Co','Inferred','Mineral Resource','CIM','Page 1-9, Table 1.3','Winckers and others (2013)','<Null>'),(226,'MT00002','Mo00754','Johnny Lee Upper Zone','2018-07-19','gold',2013,'ore','-1255000','tonnes','0.008','grams per tonne','1.6','percent copper equivalent',300,'ounces','-1255000','metric tons','0.008','grams per metric ton','1.6','percent copper equivalent',0.01111,'metric tons','Au\n','Inferred','Mineral Resource','CIM','Page 1-9, Table 1.3','Winckers and others (2013)','<Null>'),(227,'MT00002','Mo00754','Johnny Lee Upper Zone','2018-07-19','gold',2013,'ore','-9179000','tonnes','0.008','grams per tonne','1.6','percent copper equivalent',2500,'ounces','-9179000','metric tons','0.008','grams per metric ton','1.6','percent copper equivalent',0.073111,'metric tons','Au','Measured plus Indicated','Mineral Resource','CIM','Page 1-8, Table 1.2','Winckers and others (2013)','<Null>'),(228,'MT00002','Mo00754','Johnny Lee Upper Zone','2018-07-19','silver',2013,'ore','-1255000','tonnes','15.2','grams per tonne','1.6','percent copper equivalent',613000,'ounces','-1255000','metric tons','15.2','grams per metric ton','1.6','percent copper equivalent',19.1111,'metric tons','Ag','Inferred','Mineral Resource','CIM','Page 1-9, Table 1.3','Winckers and others (2013)','<Null>'),(229,'MT00002','Mo00754','Johnny Lee Upper Zone','2018-07-19','silver',2013,'ore','-9179000','tonnes','15.7','grams per tonne','1.6','percent copper equivalent',4642000,'ounces','-9179000','metric tons','15.7','grams per metric ton','1.6','percent copper equivalent',144.111,'metric tons','Ag','Measured plus Indicated','Mineral Resource','CIM','Page 1-8, Table 1.2','Winckers and others (2013)','<Null>'),(230,'MT00002','Mo00755','Johnny Lee Lower Zone','2018-07-19','cobalt',2013,'ore','-205000','tonnes','0.03','percent','1.5','percent copper equivalent',100000,'pounds','-205000','metric tons','0.03','percent','1.5','percent copper equivalent',62.111,'metric tons','Co','Inferred','Mineral Resource','CIM','Page 1-9, Table 1.5','Winckers and others (2013)','<Null>'),(231,'MT00002','Mo00755','Johnny Lee Lower Zone','2018-07-19','copper',2013,'ore','-205000','tonnes','5.33','percent','1.5','percent copper equivalent',24000000,'pounds','-205000','metric tons','5.33','percent','1.5','percent copper equivalent',10900.1,'metric tons','Cu','Inferred','Mineral Resource','CIM','Page 1-9, Table 1.5','Winckers and others (2013)','<Null>'),(232,'MT00002','Mo00755','Johnny Lee Lower Zone','2018-07-19','cobalt',2013,'ore','-2387000','tonnes','0.03','percent','1.5','percent copper equivalent',1700000,'pounds','-2387000','metric tons','0.03','percent','1.5','percent copper equivalent',720.111,'metric tons','Co','Indicated','Mineral Resource','CIM','Page 1-9, Table 1.4','Winckers and others (2013)','<Null>'),(233,'MT00002','Mo00755','Johnny Lee Lower Zone','2018-07-19','gold',2013,'ore','-2387000','tonnes','0.304','grams per tonne','1.5','percent copper equivalent',23300,'ounces','-2387000','metric tons','0.304','grams per metric ton','1.5','percent copper equivalent',0.726111,'metric tons','Au','Indicated','Mineral Resource','CIM','Page 1-9, Table 1.4','Winckers and others (2013)','<Null>'),(234,'MT00002','Mo00755','Johnny Lee Lower Zone','2018-07-19','silver',2013,'ore','-2387000','tonnes','4.5','grams per tonne','1.5','percent copper equivalent',345000,'ounces','-2387000','metric tons','4.5','grams per metric ton','1.5','percent copper equivalent',11.111,'metric tons','Ag','Indicated','Mineral Resource','CIM','Page 1-9, Table 1.4','Winckers and others (2013)','<Null>'),(235,'MT00002','Mo00755','Johnny Lee Lower Zone','2018-07-19','gold',2013,'ore','-205000','tonnes','0.207','grams per tonne','1.5','percent copper equivalent',1400,'ounces','-205000','metric tons','0.207','grams per metric ton','1.5','percent copper equivalent',0.042111,'metric tons','Au','Inferred','Mineral Resource','CIM','Page 1-9, Table 1.5','Winckers and others (2013)','<Null>'),(236,'MT00002','Mo00755','Johnny Lee Lower Zone','2018-07-19','copper',1988,'ore','2000000','tons','6','percent','<Null>','<Null>',120000.111,'tons','180000.111','metric tons','6','percent','<Null>','<Null>',11000.1,'metric tons','Cu','<Null>','<Null>','<Null>','Page 11','Cominco Resources International Ltd. (1989)','<Null>'),(237,'MT00002','Mo00755','Johnny Lee Lower Zone','2018-07-19','copper',2013,'ore','-2387000','tonnes','6.4','percent','1.5','percent copper equivalent',337000000,'pounds','-2387000','metric tons','6.4','percent','1.5','percent copper equivalent',150000,'metric tons','Cu','Indicated','Mineral Resource','CIM','Page 1-9, Table 1.4','Winckers and others (2013)','<Null>'),(238,'MT00002','Mo00755','Johnny Lee Lower Zone','2018-07-19','silver',2013,'ore','-205000','tonnes','4.1','grams per tonne','1.5','percent copper equivalent',27000,'ounces','-205000','metric tons','4.1','grams per metric ton','1.5','percent copper equivalent',0.84111,'metric tons','Ag','Inferred','Mineral Resource','CIM','Page 1-9, Table 1.5','Winckers and others (2013)','<Null>'),(239,'MT00002','Mo00756','Lowry Middle Zone','2018-07-19','silver',2013,'ore','-801000','tonnes','14.1','grams per tonne','1.6','percent copper equivalent',363000,'ounces','-801000','metric tons','14.1','grams per metric ton','1.6','percent copper equivalent',11.3111,'metric tons','Ag','Inferred','Mineral Resource','CIM','Page 1-10, Table 1.7','Winckers and others (2013)','<Null>'),(240,'MT00002','Mo00756','Lowry Middle Zone','2018-07-19','copper',2013,'ore','-801000','tonnes','2.58','percent','1.6','percent copper equivalent',46000000,'pounds','-801000','metric tons','2.58','percent','1.6','percent copper equivalent',20700.1,'metric tons','Cu','Inferred','Mineral Resource','CIM','Page 1-10, Table 1.7','Winckers and others (2013)','<Null>'),(241,'MT00002','Mo00756','Lowry Middle Zone','2018-07-19','copper',2013,'ore','-4099000','tonnes','2.94','percent','1.6','percent copper equivalent',266000000,'pounds','-4099000','metric tons','2.94','percent','1.6','percent copper equivalent',121000,'metric tons','Cu','Indicated','Mineral Resource','CIM','Page 1-10, Table 1.6','Winckers and others (2013)','<Null>'),(242,'MT00002','Mo00756','Lowry Middle Zone','2018-07-19','gold',2013,'ore','-801000','tonnes','0.008','grams per tonne','1.6','percent copper equivalent',200,'ounces','-801000','metric tons','0.008','grams per metric ton','1.6','percent copper equivalent',0.0111,'metric tons','Au\n','Inferred','Mineral Resource','CIM','Page 1-10, Table 1.7','Winckers and others (2013)','<Null>'),(243,'MT00002','Mo00756','Lowry Middle Zone','2018-07-19','gold',2013,'ore','-4099000','tonnes','0.006','grams per tonne','1.6','percent copper equivalent',800,'ounces','-4099000','metric tons','0.006','grams per metric ton','1.6','percent copper equivalent',0.025111,'metric tons','Au','Indicated','Mineral Resource','CIM','Page 1-10, Table 1.6','Winckers and others (2013)','<Null>'),(244,'MT00002','Mo00756','Lowry Middle Zone','2018-07-19','cobalt',2013,'ore','-4099000','tonnes','0.1','percent','1.6','percent copper equivalent',9000000,'pounds','-4099000','metric tons','0.1','percent','1.6','percent copper equivalent',4100.11,'metric tons','Co','Indicated','Mineral Resource','CIM','Page 1-10, Table 1.6','Winckers and others (2013)','<Null>'),(245,'MT00002','Mo00756','Lowry Middle Zone','2018-07-19','cobalt',2013,'ore','-801000','tonnes','0.1','percent','1.6','percent copper equivalent',2000000,'pounds','-801000','metric tons','0.1','percent','1.6','percent copper equivalent',800.111,'metric tons','Co','Inferred','Mineral Resource','CIM','Page 1-10, Table 1.7','Winckers and others (2013)','<Null>'),(246,'MT00002','Mo00756','Lowry Middle Zone','2018-07-19','silver',2013,'ore','-4099000','tonnes','15.1','grams per tonne','1.6','percent copper equivalent',1990000,'ounces','-4099000','metric tons','15.1','grams per metric ton','1.6','percent copper equivalent',61.9111,'metric tons','Ag','Indicated','Mineral Resource','CIM','Page 1-10, Table 1.6','Winckers and others (2013)','<Null>'),(247,'NC00001','Mr00047','Webster District','2018-07-19','nickel',1968,'ore','-1000000','tons','1','percent','<Null>','<Null>',10000.111,'tons','-907000.111','metric tons','1','percent','<Null>','<Null>',9100.11,'metric tons','Ni','<Null>','Resource','<Null>','Page 375','U.S. Geological Survey and U.S. Bureau of Mines (1968)','<Null>'),(248,'NC00001','Mr00047','Webster District','2018-07-19','cobalt',1968,'ore','-1000000','tons','0.16','percent','<Null>','<Null>',1600.111,'tons','-907000.111','metric tons','0.16','percent','<Null>','<Null>',1500.11,'metric tons','Co','<Null>','Resource','<Null>','Page 375','U.S. Geological Survey and U.S. Bureau of Mines (1968)','<Null>'),(249,'NM00041','Mo00773','Black Hawk','2018-07-19','cobalt',1965,'ore','4000000000','pounds','0.15','percent','<Null>','<Null>',6000000,'pounds','1800000.111','metric tons','0.15','percent','<Null>','<Null>',2700.11,'metric tons','Co','Probable','Ore Reserve','<Null>','Page 207','Weber (1965); Vhay and others (1973)','<Null>'),(250,'OR00001','Mo00748','Turner','2018-07-18','zinc',2010,'ore','-2064000','short tons','2.6','percent','42','dollars per ton NSR',107290000,'pounds','-1872000.111','metric tons','2.6','percent','38.111','dollars per metric ton NSR',49000.1,'metric tons','Zn','Inferred','Mineral Resource','CIM','Page 17-19, Table 17-4','Marek and others (2010)','Recovery plus diluted mineral resource'),(251,'OR00001','Mo00748','Turner','2018-07-18','gold',2010,'ore','-2422000','short tons','0.086','ounces per ton','42','dollars per ton NSR',209000,'ounces','-2197000.111','metric tons','2.7111','grams per metric ton','38.111','dollars per metric ton NSR',5.9111,'metric tons','Au','Indicated','Mineral Resource','CIM','Page 17-19, Table 17-4','Marek and others (2010)','Recovery plus diluted mineral resource'),(252,'OR00001','Mo00748','Turner','2018-07-18','cobalt',2010,'ore','-2064000','short tons','0.036','percent','42','dollars per ton NSR',740.111,'short tons','-1872000.111','metric tons','0.036','percent','38.111','dollars per metric ton NSR',670.111,'metric tons','Co','Inferred','Mineral Resource','CIM','Page 17-19, Table 17-4','Marek and others (2010)','Recovery plus diluted mineral resource'),(253,'OR00001','Mo00748','Turner','2018-07-18','cobalt',2010,'ore','-2422000','short tons','0.046','percent','42','dollars per ton NSR',1100.111,'short tons','-2197000.111','metric tons','0.046','percent','38.111','dollars per metric ton NSR',1000.11,'metric tons','Co','Indicated','Mineral Resource','CIM','Page 17-19, Table 17-4','Marek and others (2010)','Recovery plus diluted mineral resource'),(254,'OR00001','Mo00748','Turner','2018-07-18','copper',2010,'ore','-2422000','short tons','1.18','percent','42','dollars per ton NSR',572455000,'pounds','-2197000.111','metric tons','1.18','percent','38.111','dollars per metric ton NSR',25900.1,'metric tons','Cu','Indicated','Mineral Resource','CIM','Page 17-19, Table 17-4','Marek and others (2010)','Recovery plus diluted mineral resource'),(255,'OR00001','Mo00748','Turner','2018-07-18','copper',2010,'ore','-2064000','short tons','0.94','percent','42','dollars per ton NSR',38991000,'pounds','-1872000.111','metric tons','0.94','percent','38.111','dollars per metric ton NSR',18000.1,'metric tons','Cu','Inferred','Mineral Resource','CIM','Page 17-19, Table 17-4','Marek and others (2010)','Recovery plus diluted mineral resource'),(256,'OR00001','Mo00748','Turner','2018-07-18','silver',2010,'ore','-2422000','short tons','0.3','ounces per ton','42','dollars per ton NSR',718000,'ounces','-2197000.111','metric tons','9.111','grams per metric ton','38.111','dollars per metric ton NSR',21.111,'metric tons','Ag','Indicated','Mineral Resource','CIM','Page 17-19, Table 17-4','Marek and others (2010)','Recovery plus diluted mineral resource'),(257,'OR00001','Mo00748','Turner','2018-07-18','zinc',2010,'ore','-2422000','short tons','2.48','percent','42','dollars per ton NSR',120169000,'pounds','-2197000.111','metric tons','2.48','percent','38.111','dollars per metric ton NSR',54500.1,'metric tons','Zn','Indicated','Mineral Resource','CIM','Page 17-19, Table 17-4','Marek and others (2010)','Recovery plus diluted mineral resource'),(258,'OR00001','Mo00748','Turner','2018-07-18','gold',2010,'ore','-2064000','short tons','0.084','ounces per ton','42','dollars per ton NSR',174000,'ounces','-1872000.111','metric tons','2.6111','grams per metric ton','38.111','dollars per metric ton NSR',4.911,'metric tons','Au','Inferred','Mineral Resource','CIM','Page 17-19, Table 17-4','Marek and others (2010)','Recovery plus diluted mineral resource'),(259,'OR00001','Mo00748','Turner','2018-07-18','silver',2010,'ore','-2064000','short tons','0.59','ounces per ton','42','dollars per ton NSR',1223000,'ounces','-1872000.111','metric tons','18.111','grams per metric ton','38.111','dollars per metric ton NSR',35.111,'metric tons','Ag','Inferred','Mineral Resource','CIM','Page 17-19, Table 17-4','Marek and others (2010)','Recovery plus diluted mineral resource'),(260,'OR00002','Mo00561','Eight Dollar Mountain','2018-07-19','chromium trioxide',1975,'ore','-9044000','tonnes','0.93','percent','<Null>','<Null>',84110.111,'tonnes','-9044000','metric tons','0.93','percent','<Null>','<Null>',57000.1,'metric tons','Cr','Indicated','Unclassified','<Null>','Pages 4 and 5','Ramp (1975)','<Null>'),(261,'OR00002','Mo00561','Eight Dollar Mountain','2018-07-19','nickel',1975,'ore','-9044000','tonnes','0.56','percent','<Null>','<Null>',51000.111,'tonnes','-9044000','metric tons','0.56','percent','<Null>','<Null>',51000.1,'metric tons','Ni','Indicated','Unclassified','<Null>','Pages 4 and 5','Ramp (1975)','<Null>'),(262,'OR00002','Mo00561','Eight Dollar Mountain','2018-07-19','cobalt',1975,'ore','-9044000','tonnes','0.04','percent','<Null>','<Null>',3600.111,'tonnes','-9044000','metric tons','0.04','percent','<Null>','<Null>',3600.11,'metric tons','Co','Indicated','Unclassified','<Null>','Pages 4 and 5','Ramp (1975)','<Null>'),(263,'OR00005','Mo00767','Nickel Mountain','2018-07-19','cobalt',1973,'ore','16000000','tons','0.05','percent','<Null>','<Null>',8000.111,'tons','14500000.11','metric tons','0.05','percent','<Null>','<Null>',7300.11,'metric tons','Co','<Null>','Reserve','<Null>','Page 148','Vhay and others (1973)','<Null>'),(264,'PR00001','Mo00629','Guanajibo Deposit','2018-07-19','nickel',1959,'ore','-46800000','short tons','0.88','percent','0.6','percent nickel',412000.111,'short tons','-42456000.11','metric tons','0.88','percent','0.6','percent nickel',374000,'metric tons','Ni','Inferred','Drill-Indicated Resource','<Null>','Page 31, Table 2','Heidenreich and Reynolds (1959)','<Null>'),(265,'PR00001','Mo00629','Guanajibo Deposit','2018-07-19','cobalt',1959,'ore','-46800000','short tons','0.08','percent','0.6','percent nickel',37400.111,'short tons','-42456000.11','metric tons','0.08','percent','0.6','percent nickel',34000.1,'metric tons','Co','Inferred','Drill-Indicated Resource','<Null>','Page 31, Table 2','Heidenreich and Reynolds (1959)','<Null>'),(266,'PR00001','Mo00629','Guanajibo Deposit','2018-07-19','chromium',1959,'ore','-46800000','short tons','0.51','percent','0.6','percent nickel',240000.111,'short tons','-42456000.11','metric tons','0.51','percent','0.6','percent nickel',220000,'metric tons','Cr','Inferred','Drill-Indicated Resource','<Null>','Page 31, Table 2','Heidenreich and Reynolds (1959)','<Null>'),(267,'PR00001','Mo00629','Guanajibo Deposit','2018-07-19','iron',1959,'ore','-46800000','short tons','20.54','percent','0.6','percent nickel',9610000.111,'short tons','-42456000.11','metric tons','20.54','percent','0.6','percent nickel',8720000,'metric tons','Fe','Inferred','Drill-Indicated Resource','<Null>','Page 31, Table 2','Heidenreich and Reynolds (1959)','<Null>'),(268,'PR00002','Mo00630','Punta Guanajibo','2018-07-19','iron',1959,'ore','-2100000','short tons','19.03','percent','0.6','percent nickel',400000.111,'short tons','-1900000.111','metric tons','19.03','percent','0.6','percent nickel',360000,'metric tons','Fe','Inferred','Drill-Indicated Resource','<Null>','Page 31, Table 2','Heidenreich and Reynolds (1959)','<Null>'),(269,'PR00002','Mo00630','Punta Guanajibo','2018-07-19','cobalt',1959,'ore','-2100000','short tons','0.07','percent','0.6','percent nickel',1500.111,'short tons','-1900000.111','metric tons','0.07','percent','0.6','percent nickel',1300.11,'metric tons','Co','Inferred','Drill-Indicated Resource','<Null>','Page 31, Table 2','Heidenreich and Reynolds (1959)','<Null>'),(270,'PR00002','Mo00630','Punta Guanajibo','2018-07-19','chromium',1959,'ore','-2100000','short tons','0.63','percent','0.6','percent nickel',13000.111,'short tons','-1900000.111','metric tons','0.63','percent','0.6','percent nickel',12000.1,'metric tons','Cr','Inferred','Drill-Indicated Resource','<Null>','Page 31, Table 2','Heidenreich and Reynolds (1959)','<Null>'),(271,'PR00002','Mo00630','Punta Guanajibo','2018-07-19','nickel',1959,'ore','-2100000','short tons','1.03','percent','0.6','percent nickel',22000.111,'short tons','-1900000.111','metric tons','1.03','percent','0.6','percent nickel',20000.1,'metric tons','Ni','Inferred','Drill-Indicated Resource','<Null>','Page 31, Table 2','Heidenreich and Reynolds (1959)','<Null>'),(272,'PR00003','Mo00631','Las Mesas Deposit','2018-07-19','iron',1959,'ore','-25000000','short tons','28.39','percent','0.6','percent nickel',7100000.111,'short tons','-23000000.11','metric tons','28.39','percent','0.6','percent nickel',6400000,'metric tons','Fe','Inferred','Drill-Indicated Resource','<Null>','Page 31, Table 2','Heidenreich and Reynolds (1959)','<Null>'),(273,'PR00003','Mo00631','Las Mesas Deposit','2018-07-19','cobalt',1959,'ore','-25000000','short tons','0.12','percent','0.6','percent nickel',30000.111,'short tons','-23000000.11','metric tons','0.12','percent','0.6','percent nickel',27000.1,'metric tons','Co','Inferred','Drill-Indicated Resource','<Null>','Page 31, Table 2','Heidenreich and Reynolds (1959)','<Null>'),(274,'PR00003','Mo00631','Las Mesas Deposit','2018-07-19','nickel',1959,'ore','-25000000','short tons','0.81','percent','0.6','percent nickel',200000.111,'short tons','-23000000.11','metric tons','0.81','percent','0.6','percent nickel',180000,'metric tons','Ni','Inferred','Drill-Indicated Resource','<Null>','Page 31, Table 2','Heidenreich and Reynolds (1959)','<Null>'),(275,'PR00003','Mo00631','Las Mesas Deposit','2018-07-19','chromium',1959,'ore','-25000000','short tons','0.75','percent','0.6','percent nickel',190000.111,'short tons','-23000000.11','metric tons','0.75','percent','0.6','percent nickel',170000,'metric tons','Cr','Inferred','Drill-Indicated Resource','<Null>','Page 31, Table 2','Heidenreich and Reynolds (1959)','<Null>'),(276,'PR00004','Mo00632','North deposit','2018-07-19','iron',1959,'ore','-4800000','short tons','20.76','percent','0.6','percent nickel',1000000.111,'short tons','-4400000.111','metric tons','20.76','percent','0.6','percent nickel',900000,'metric tons','Fe','Inferred','Drill-Indicated Resource','<Null>','Page 31, Table 2','Heidenreich and Reynolds (1959)','<Null>'),(277,'PR00004','Mo00632','North deposit','2018-07-19','cobalt',1959,'ore','-4800000','short tons','0.07','percent','0.6','percent nickel',3400.111,'short tons','-4400000.111','metric tons','0.07','percent','0.6','percent nickel',3000.11,'metric tons','Co','Inferred','Drill-Indicated Resource','<Null>','Page 31, Table 2','Heidenreich and Reynolds (1959)','<Null>'),(278,'PR00004','Mo00632','North deposit','2018-07-19','nickel',1959,'ore','-4800000','short tons','0.85','percent','0.6','percent nickel',41000.111,'short tons','-4400000.111','metric tons','0.85','percent','0.6','percent nickel',37000.1,'metric tons','Ni','Inferred','Drill-Indicated Resource','<Null>','Page 31, Table 2','Heidenreich and Reynolds (1959)','<Null>'),(279,'PR00004','Mo00632','North deposit','2018-07-19','chromium',1959,'ore','-4800000','short tons','0.58','percent','0.6','percent nickel',28000.111,'short tons','-4400000.111','metric tons','0.58','percent','0.6','percent nickel',25000.1,'metric tons','Cr','Inferred','Drill-Indicated Resource','<Null>','Page 31, Table 2','Heidenreich and Reynolds (1959)','<Null>'),(280,'PR00004','Mo00633','South deposit','2018-07-19','nickel',1959,'ore','-1100000','short tons','0.71','percent','0.6','percent nickel',7800.111,'short tons','-1000000.111','metric tons','0.71','percent','0.6','percent nickel',7100.11,'metric tons','Ni','Inferred','Drill-Indicated Resource','<Null>','Page 31, Table 2','Heidenreich and Reynolds (1959)','<Null>'),(281,'PR00004','Mo00633','South deposit','2018-07-19','iron',1959,'ore','-1100000','short tons','12.47','percent','0.6','percent nickel',140000.111,'short tons','-1000000.111','metric tons','12.47','percent','0.6','percent nickel',120000,'metric tons','Fe','Inferred','Drill-Indicated Resource','<Null>','Page 31, Table 2','Heidenreich and Reynolds (1959)','<Null>'),(282,'PR00004','Mo00633','South deposit','2018-07-19','cobalt',1959,'ore','-1100000','short tons','0.06','percent','0.6','percent nickel',660.111,'short tons','-1000000.111','metric tons','0.06','percent','0.6','percent nickel',600.111,'metric tons','Co','Inferred','Drill-Indicated Resource','<Null>','Page 31, Table 2','Heidenreich and Reynolds (1959)','<Null>'),(283,'PR00004','Mo00633','South deposit','2018-07-19','chromium',1959,'ore','-1100000','short tons','0.34','percent','0.6','percent nickel',3700.111,'short tons','-1000000.111','metric tons','0.34','percent','0.6','percent nickel',3400.11,'metric tons','Cr','Inferred','Drill-Indicated Resource','<Null>','Page 31, Table 2','Heidenreich and Reynolds (1959)','<Null>'),(284,'PR00005','Mo00634','Maricao West Deposit','2018-07-19','cobalt',1959,'ore','-5000000','short tons','0.1','percent','0.6','percent nickel',5000.111,'short tons','-4500000.111','metric tons','0.1','percent','0.6','percent nickel',4500.11,'metric tons','Co','Inferred','Drill-Indicated Resource','<Null>','Page 31, Table 2','Heidenreich and Reynolds (1959)','<Null>'),(285,'PR00005','Mo00634','Maricao West Deposit','2018-07-19','chromium',1959,'ore','-5000000','short tons','0.59','percent','0.6','percent nickel',30000.111,'short tons','-4500000.111','metric tons','0.59','percent','0.6','percent nickel',27000.1,'metric tons','Cr','Inferred','Drill-Indicated Resource','<Null>','Page 31, Table 2','Heidenreich and Reynolds (1959)','<Null>'),(286,'PR00005','Mo00634','Maricao West Deposit','2018-07-19','iron',1959,'ore','-5000000','short tons','22.05','percent','0.6','percent nickel',1100000.111,'short tons','-4500000.111','metric tons','22.05','percent','0.6','percent nickel',1000000,'metric tons','Fe','Inferred','Drill-Indicated Resource','<Null>','Page 31, Table 2','Heidenreich and Reynolds (1959)','<Null>'),(287,'PR00005','Mo00634','Maricao West Deposit','2018-07-19','nickel',1959,'ore','-5000000','short tons','0.98','percent','0.6','percent nickel',49000.111,'short tons','-4500000.111','metric tons','0.98','percent','0.6','percent nickel',44000.1,'metric tons','Ni','Inferred','Drill-Indicated Resource','<Null>','Page 31, Table 2','Heidenreich and Reynolds (1959)','<Null>'),(288,'PR00005','Mo00635','Maricao East Deposit','2018-07-19','chromium',1959,'ore','-5600000','short tons','0.67','percent','0.6','percent nickel',38000.111,'short tons','-5100000.111','metric tons','0.67','percent','0.6','percent nickel',34000.1,'metric tons','Cr','Inferred','Drill-Indicated Resource','<Null>','Page 31, Table 2','Heidenreich and Reynolds (1959)','<Null>'),(289,'PR00005','Mo00635','Maricao East Deposit','2018-07-19','iron',1959,'ore','-5600000','short tons','29.45','percent','0.6','percent nickel',1600000.111,'short tons','-5100000.111','metric tons','29.45','percent','0.6','percent nickel',1500000,'metric tons','Fe','Inferred','Drill-Indicated Resource','<Null>','Page 31, Table 2','Heidenreich and Reynolds (1959)','<Null>'),(290,'PR00005','Mo00635','Maricao East Deposit','2018-07-19','nickel',1959,'ore','-5600000','short tons','1.08','percent','0.6','percent nickel',60000.111,'short tons','-5100000.111','metric tons','1.08','percent','0.6','percent nickel',55000.1,'metric tons','Ni','Inferred','Drill-Indicated Resource','<Null>','Page 31, Table 2','Heidenreich and Reynolds (1959)','<Null>'),(291,'PR00005','Mo00635','Maricao East Deposit','2018-07-19','cobalt',1959,'ore','-5600000','short tons','0.11','percent','0.6','percent nickel',6200.111,'short tons','-5100000.111','metric tons','0.11','percent','0.6','percent nickel',5600.11,'metric tons','Co','Inferred','Drill-Indicated Resource','<Null>','Page 31, Table 2','Heidenreich and Reynolds (1959)','<Null>'),(292,'TN00001','Mr00037','Ducktown District','2018-07-19','cobalt',1973,'ore','8000000000','pounds','0.5','percent','0.4','percent',40000000,'pounds','3600000.111','metric tons','0.5','percent','0.4','percent',18000.1,'metric tons','Co','<Null>','Resource','<Null>','Page 150','Vhay and others (1973)','<Null>');
/*!40000 ALTER TABLE `resources` ENABLE KEYS */;
UNLOCK TABLES;

-- create table Descrsum
DROP TABLE IF EXISTS Descr_Sum;
CREATE TABLE Descr_Sum (
    OBJECTID INT NOT NULL,
    Site_ID VARCHAR(10),
    Ftr_ID VARCHAR(10),
    Last_Updt DATE,
    Descr_Type VARCHAR(50),
    Descr TEXT,
    Remarks TEXT,
    PRIMARY KEY (`OBJECTID`),
    KEY `Site_ID` (`Site_ID`),
    KEY `Ftr_ID` (`Ftr_ID`)
);

-- import data for Descr_Sum
LOAD DATA INFILE 'C:/ProgramData/MySQL/MySQL Server 8.0/Uploads/done/des_utf8.csv'
INTO TABLE Descr_Sum
FIELDS TERMINATED BY ',' ENCLOSED BY '"'
LINES TERMINATED BY '\r\n'
IGNORE 1 ROWS;





